id,atm_code,original_atm_id,name,city,address,latitude,longitude,capacity,current_cash,predicted_demand,safety_buffer,required_cash,shortage,surplus,risk_percentage,criticality,status,last_refill,stockout_minutes,explanation
1,ATM-101,atm350000,ALİAĞA BAĞLI ŞB (ATM-101),Guntur,Aliağa Petkim Tesisleri,16.391766,80.450544,120000.0,38050.0,4818.51,1445.55,6264.06,0.0,31785.94,0.0,LOW,LOW,2020-01-07 10:00,,"LOW RISK: Cash reserves (₹38,050) comfortably cover predicted demand (₹4,819) and safety reserve (₹1,446) with ₹31,786 surplus."
2,ATM-102,atm350001,ALİAĞA İSTİKLAL CADDESİ (ATM-102),Guntur,ATATÜRK İSTİKLAL CD. NO:97,16.330644,80.466479,80000.0,15895.0,4724.51,1417.35,6141.86,0.0,9753.14,0.0,LOW,LOW,2020-01-07 10:00,,"LOW RISK: Cash reserves (₹15,895) comfortably cover predicted demand (₹4,725) and safety reserve (₹1,417) with ₹9,753 surplus."
3,ATM-103,atm350002,ALİAĞA PAZARYERİ (ATM-103),Guntur,ALİAĞA KAPALI PAZAR GİRİŞİ,16.377392,80.377247,80000.0,27105.0,32000.0,9600.0,41600.0,14495.0,0.0,34.8,HIGH,HIGH,2020-01-07 10:00,102.0,"HIGH RISK: Current cash balance (₹27,105) will dip into the safety buffer (₹9,600) under expected demand (₹32,000). Shortage: ₹14,495."
4,ATM-104,atm350003,ALİAĞA SAHİL PARKI (ATM-104),Guntur,ALİAĞA HİKMET CD.SAHİL PARKI ÖNÜ,16.385196,80.453053,80000.0,20775.0,4724.11,1417.23,6141.34,0.0,14633.66,0.0,LOW,LOW,2020-01-07 10:00,,"LOW RISK: Cash reserves (₹20,775) comfortably cover predicted demand (₹4,724) and safety reserve (₹1,417) with ₹14,634 surplus."
5,ATM-105,atm350004,ALİAĞA ŞUBE-1 (ATM-105),Guntur,İstiklal Caddesi No: 64 / A,16.272527,80.435301,80000.0,11170.0,4739.8,1421.94,6161.74,0.0,5008.26,0.0,LOW,LOW,2020-01-07 10:00,,"LOW RISK: Cash reserves (₹11,170) comfortably cover predicted demand (₹4,740) and safety reserve (₹1,422) with ₹5,008 surplus."
6,ATM-106,atm350005,ALİAĞA ŞUBE-2 (ATM-106),Guntur,İstiklal Caddesi No: 64 / A,16.290495,80.358626,200000.0,22140.0,4748.4,1424.52,6172.92,0.0,15967.08,0.0,LOW,LOW,2020-01-07 10:00,,"LOW RISK: Cash reserves (₹22,140) comfortably cover predicted demand (₹4,748) and safety reserve (₹1,425) with ₹15,967 surplus."
7,ATM-107,atm350006,ALİAĞA ŞUBE-3 (ATM-107),Guntur,ALİAĞA PETKİM TESİSLERİ 35801,16.250692,80.455782,120000.0,8415.0,4849.85,1454.96,6304.81,0.0,2110.19,0.0,LOW,LOW,2020-01-07 10:00,,"LOW RISK: Cash reserves (₹8,415) comfortably cover predicted demand (₹4,850) and safety reserve (₹1,455) with ₹2,110 surplus."
8,ATM-108,atm350007,ALİAĞA TELEKOM (ATM-108),Guntur,KAZIM DİRİK MAHALLESİ PTT - ALİAĞA ŞB.,16.413721,80.441056,100000.0,29340.0,4816.48,1444.94,6261.42,0.0,23078.58,0.0,LOW,LOW,2020-01-07 10:00,,"LOW RISK: Cash reserves (₹29,340) comfortably cover predicted demand (₹4,816) and safety reserve (₹1,445) with ₹23,079 surplus."
9,ATM-109,atm350008,STAR RAFİNERİ ALİAĞA (ATM-109),Guntur,ATATÜRK AYGAZ CD. 42-1,16.256544,80.51856,100000.0,21445.0,4775.62,1432.69,6208.31,0.0,15236.69,0.0,LOW,LOW,2020-01-07 10:00,,"LOW RISK: Cash reserves (₹21,445) comfortably cover predicted demand (₹4,776) and safety reserve (₹1,433) with ₹15,237 surplus."
10,ATM-110,atm350009,VİKİNG KAĞIT ALİAĞA (ATM-110),Guntur,HÜRRİYET CAD.NO:474 ALİAĞA,16.309561,80.401429,80000.0,19465.0,4735.75,1420.72,6156.48,0.0,13308.52,0.0,LOW,LOW,2020-01-07 10:00,,"LOW RISK: Cash reserves (₹19,465) comfortably cover predicted demand (₹4,736) and safety reserve (₹1,421) with ₹13,309 surplus."
11,ATM-111,atm3500010,AGORA AVM/BALÇOVA (ATM-111),Guntur,MİTHATPAŞA CAD.NO:1448/A BALÇOVA,16.322015,80.447597,120000.0,5000.0,5733.35,1720.01,7453.36,2453.36,0.0,32.9,HIGH,HIGH,2020-01-07 10:00,105.0,"HIGH RISK: Current cash balance (₹5,000) will dip into the safety buffer (₹1,720) under expected demand (₹5,733). Shortage: ₹2,453."
12,ATM-112,atm3500011,ATA CADDESİ/İZMİR (ATM-112),Guntur,ATA CAD.BELEDİYE CİVARI,16.335408,80.35678,150000.0,11435.0,4902.15,1470.64,6372.79,0.0,5062.21,0.0,LOW,LOW,2020-01-07 10:00,,"LOW RISK: Cash reserves (₹11,435) comfortably cover predicted demand (₹4,902) and safety reserve (₹1,471) with ₹5,062 surplus."
13,ATM-113,atm3500012,BALÇOVA NOVADA-1 (ATM-113),Guntur,AYDIN ÇEŞME OTOYOLU LİMONTEPE MEVKİİ PETROL OFİSİ,16.379046,80.423645,150000.0,5000.0,4756.4,1426.92,6183.32,1183.32,0.0,19.1,MEDIUM,MEDIUM,2020-01-07 10:00,120.0,"MEDIUM RISK: Minor cash deficit of ₹1,183 against projected demand + 30% reserve buffer."
14,ATM-114,atm3500013,BALÇOVA SAKARYA CADDESİ (ATM-114),Guntur,FEVZİ ÇAKMAK MH.SAKARYA CD.NO:58/B,16.302162,80.453497,200000.0,6000.0,4800.05,1440.02,6240.07,240.07,0.0,3.8,MEDIUM,MEDIUM,2020-01-07 10:00,120.0,MEDIUM RISK: Minor cash deficit of ₹240 against projected demand + 30% reserve buffer.
15,ATM-115,atm3500014,BALÇOVA ŞUBE-1 (ATM-115),Guntur,Ata Caddesi No: 2-2 / A,16.231527,80.529222,100000.0,8135.0,4832.52,1449.76,6282.28,0.0,1852.72,0.0,LOW,LOW,2020-01-07 10:00,,"LOW RISK: Cash reserves (₹8,135) comfortably cover predicted demand (₹4,833) and safety reserve (₹1,450) with ₹1,853 surplus."
16,ATM-116,atm3500015,BALÇOVA ŞUBE-2 (ATM-116),Guntur,Ata Caddesi No: 2-2 / A,16.396992,80.464361,100000.0,21215.0,4772.25,1431.67,6203.93,0.0,15011.08,0.0,LOW,LOW,2020-01-07 10:00,,"LOW RISK: Cash reserves (₹21,215) comfortably cover predicted demand (₹4,772) and safety reserve (₹1,432) with ₹15,011 surplus."
17,ATM-117,atm3500016,KİPA BALÇOVA-1 (ATM-117),Guntur,MİTHATPAŞA CAD. NO:1462,16.40888,80.426586,100000.0,29340.0,4726.58,1417.97,6144.55,0.0,23195.45,0.0,LOW,LOW,2020-01-07 10:00,,"LOW RISK: Cash reserves (₹29,340) comfortably cover predicted demand (₹4,727) and safety reserve (₹1,418) with ₹23,195 surplus."
18,ATM-118,atm3500017,KİPA BALÇOVA-2 (ATM-118),Guntur,MİTHATPAŞA CD.NO:1462 KİPA AVM,16.223425,80.517849,150000.0,10705.0,4880.37,1464.11,6344.48,0.0,4360.52,0.0,LOW,LOW,2020-01-07 10:00,,"LOW RISK: Cash reserves (₹10,705) comfortably cover predicted demand (₹4,880) and safety reserve (₹1,464) with ₹4,361 surplus."
19,ATM-119,atm3500018,ÖZDİLEK BALÇOVA (ATM-119),Guntur,ÖZDİLEK BALÇOVA AVM,16.250116,80.503514,120000.0,16800.0,4863.45,1459.03,6322.48,0.0,10477.51,0.0,LOW,LOW,2020-01-07 10:00,,"LOW RISK: Cash reserves (₹16,800) comfortably cover predicted demand (₹4,863) and safety reserve (₹1,459) with ₹10,478 surplus."
20,ATM-120,atm3500019,BAYINDIR BELEDİYESİ (ATM-120),Guntur,MİTHATPAŞA MAHALLESİ ATATÜRK CD. NO:32,16.282153,80.389856,80000.0,5450.0,4808.83,1442.65,6251.48,801.48,0.0,12.8,MEDIUM,MEDIUM,2020-01-07 10:00,120.0,MEDIUM RISK: Minor cash deficit of ₹801 against projected demand + 30% reserve buffer.
21,ATM-121,atm3500020,BAYRAKLI 1916 SOKAK (ATM-121),Guntur,BAYRAKLI MAHALLESİ CEYLAN APT.,16.345873,80.512017,100000.0,24355.0,4825.99,1447.8,6273.79,0.0,18081.21,0.0,LOW,LOW,2020-01-07 10:00,,"LOW RISK: Cash reserves (₹24,355) comfortably cover predicted demand (₹4,826) and safety reserve (₹1,448) with ₹18,081 surplus."
22,ATM-122,atm3500021,BAYRAKLI ÇAY MAHALLESİ (ATM-122),Guntur,BAYRAKLI HAKAN UYSAL CADDESİ,16.286809,80.456096,200000.0,35365.0,4866.95,1460.08,6327.03,0.0,29037.97,0.0,LOW,LOW,2020-01-07 10:00,,"LOW RISK: Cash reserves (₹35,365) comfortably cover predicted demand (₹4,867) and safety reserve (₹1,460) with ₹29,038 surplus."
23,ATM-123,atm3500022,BAYRAKLI İZBAN METRO İST. (ATM-123),Guntur,İZMİR BAYRAKLI METRO İSTASYON,16.29126,80.468427,80000.0,21640.0,4789.76,1436.93,6226.69,0.0,15413.31,0.0,LOW,LOW,2020-01-07 10:00,,"LOW RISK: Cash reserves (₹21,640) comfortably cover predicted demand (₹4,790) and safety reserve (₹1,437) with ₹15,413 surplus."
24,ATM-124,atm3500023,BAYRAKLI ŞUBE-1 (ATM-124),Guntur,Ord. Prof. Dr. Ekrem Akurgal Caddesi No: 18 / A,16.341458,80.443905,120000.0,5000.0,4695.24,1408.57,6103.81,1103.81,0.0,18.1,MEDIUM,MEDIUM,2020-01-07 10:00,120.0,"MEDIUM RISK: Minor cash deficit of ₹1,104 against projected demand + 30% reserve buffer."
25,ATM-125,atm3500024,BAYRAKLI ŞUBE-2 (ATM-125),Guntur,Ord. Prof. Dr. Ekrem Akurgal Caddesi No: 18 / A,16.358586,80.460375,200000.0,31395.0,4846.31,1453.89,6300.2,0.0,25094.8,0.0,LOW,LOW,2020-01-07 10:00,,"LOW RISK: Cash reserves (₹31,395) comfortably cover predicted demand (₹4,846) and safety reserve (₹1,454) with ₹25,095 surplus."
26,ATM-126,atm3500025,BAYRAKLI ŞUBE-3 (ATM-126),Guntur,Ord. Prof. Dr. Ekrem Akurgal Caddesi No: 18 / A,16.261095,80.546917,150000.0,34180.0,4763.86,1429.16,6193.02,0.0,27986.98,0.0,LOW,LOW,2020-01-07 10:00,,"LOW RISK: Cash reserves (₹34,180) comfortably cover predicted demand (₹4,764) and safety reserve (₹1,429) with ₹27,987 surplus."
27,ATM-127,atm3500026,BAYRAKLI YAMANLAR MAH. (ATM-127),Guntur,YAMANLAR MAHALLESİ KUBİLAY CD. 271 B,16.354853,80.406636,150000.0,26665.0,4781.67,1434.5,6216.17,0.0,20448.83,0.0,LOW,LOW,2020-01-07 10:00,,"LOW RISK: Cash reserves (₹26,665) comfortably cover predicted demand (₹4,782) and safety reserve (₹1,435) with ₹20,449 surplus."
28,ATM-128,atm3500027,GÜMÜŞPALA BAYRAKLI/İZMİR (ATM-128),Guntur,GÜMÜŞPALA/İZMİR,16.322579,80.456404,200000.0,26200.0,4730.78,1419.23,6150.01,0.0,20049.99,0.0,LOW,LOW,2020-01-07 10:00,,"LOW RISK: Cash reserves (₹26,200) comfortably cover predicted demand (₹4,731) and safety reserve (₹1,419) with ₹20,050 surplus."
29,ATM-129,atm3500028,MANAVKUYU SAKARYA CAD. (ATM-129),Guntur,MANAVKUYU SAKARYA CD.NO:52,16.305317,80.359694,150000.0,13630.0,4796.88,1439.06,6235.94,0.0,7394.06,0.0,LOW,LOW,2020-01-07 10:00,,"LOW RISK: Cash reserves (₹13,630) comfortably cover predicted demand (₹4,797) and safety reserve (₹1,439) with ₹7,394 surplus."
30,ATM-130,atm3500029,MANAVKUYU ŞUBE-1 (ATM-130),Guntur,Çınarlı Mahallesi İslam Kerimov Caddesi No: 18,16.211482,80.509152,100000.0,32150.0,4868.04,1460.41,6328.45,0.0,25821.55,0.0,LOW,LOW,2020-01-07 10:00,,"LOW RISK: Cash reserves (₹32,150) comfortably cover predicted demand (₹4,868) and safety reserve (₹1,460) with ₹25,822 surplus."
31,ATM-131,atm3500030,MANAVKUYU ŞUBE-2 (ATM-131),Guntur,ÇINARLI MAHALLESİ İSLAM KERİMOV CADDESİ NO: 18,16.390804,80.540194,150000.0,21430.0,4741.07,1422.32,6163.39,0.0,15266.61,0.0,LOW,LOW,2020-01-07 10:00,,"LOW RISK: Cash reserves (₹21,430) comfortably cover predicted demand (₹4,741) and safety reserve (₹1,422) with ₹15,267 surplus."
32,ATM-132,atm3500031,OSMANGAZİ YAVUZ CADDESİ (ATM-132),Guntur,OSMANGAZİ YAVUZ CADDESİ,16.324326,80.442101,80000.0,5000.0,4816.97,1445.09,6262.06,1262.06,0.0,20.2,MEDIUM,MEDIUM,2020-01-07 10:00,120.0,"MEDIUM RISK: Minor cash deficit of ₹1,262 against projected demand + 30% reserve buffer."
33,ATM-133,atm3500032,ÖZKANLAR ŞUBE-1 (ATM-133),Guntur,MUSTAFA KEMAL CADDESİ NO: 150,16.320672,80.459434,150000.0,9695.0,4772.18,1431.65,6203.83,0.0,3491.17,0.0,LOW,LOW,2020-01-07 10:00,,"LOW RISK: Cash reserves (₹9,695) comfortably cover predicted demand (₹4,772) and safety reserve (₹1,432) with ₹3,491 surplus."
34,ATM-134,atm3500033,ÖZKANLAR ŞUBE-3 (ATM-134),Guntur,Mustafa Kemal Caddesi No: 150,16.246156,80.492278,200000.0,29180.0,4849.71,1454.91,6304.62,0.0,22875.38,0.0,LOW,LOW,2020-01-07 10:00,,"LOW RISK: Cash reserves (₹29,180) comfortably cover predicted demand (₹4,850) and safety reserve (₹1,455) with ₹22,875 surplus."
35,ATM-135,atm3500034,ÖZKANLAR ŞUBE-4 (ATM-135),Guntur,Mustafa Kemal Caddesi No: 150,16.17872,80.411831,200000.0,30670.0,4839.29,1451.79,6291.08,0.0,24378.92,0.0,LOW,LOW,2020-01-07 10:00,,"LOW RISK: Cash reserves (₹30,670) comfortably cover predicted demand (₹4,839) and safety reserve (₹1,452) with ₹24,379 surplus."
36,ATM-136,atm3500035,WESTPARK OUTLET CENTER (ATM-136),Guntur,"R. ŞEVKET İNCE MAH.2148/9 SOKAK NO:4,40000,0,0,0,0,0,Wednesday,2020-01-01 00:00:00
atm3500036,BERGAMA ATATÜRK BULVARI,Izmir,MALTEPE MH.ATATÜRK BUL.BERGAMA,40000,0,0,0,0,0,Wednesday,2020-01-01 00:00:00
atm3500037,BERGAMA İNKİLAP MAHALLESİ,Izmir,BARBAROS BANKALAR CD. 32/A,40000,0,0,0,0,0,Wednesday,2020-01-01 00:00:00
atm3500038,BERGAMA MEYDAN,Izmir,CUMHURİYET CAD.NO:67,40000,0,0,0,0,0,Wednesday,2020-01-01 00:00:00
atm3500039,BERGAMA ŞUBE-1,Izmir,Ertuğrul Mahallesi Kaymakam Kemal Bey Caddesi No: 4 A,40000,0,0,0,0,0,Wednesday,2020-01-01 00:00:00
atm3500040,BERGAMA ŞUBE-2,Izmir,Ertuğrul Mahallesi Kaymakam Kemal Bey Caddesi No: 4 A,40000,0,0,0,0,0,Wednesday,2020-01-01 00:00:00
atm3500041,2.SANAYİ SİTESİ ŞB-1,Izmir,Kazımdirik Mahallesi 351 Sokak No: 3 B,40000,0,0,0,0,0,Wednesday,2020-01-01 00:00:00
atm3500042,2.SANAYİ SİTESİ ŞB-2,Izmir,Kazımdirik Mahallesi 351 Sokak No: 3 B,40000,0,0,0,0,0,Wednesday,2020-01-01 00:00:00
atm3500043,4.SANAYİ SİTESİ ŞUBE-1,Izmir,4. Sanayi Sitesi 129. Sokak No: 1 / C,40000,0,0,0,0,0,Wednesday,2020-01-01 00:00:00
atm3500044,4.SANAYİ SİTESİ ŞUBE-2,Izmir,4. Sanayi Sitesi 129. Sokak No: 1 / C,40000,0,0,0,0,0,Wednesday,2020-01-01 00:00:00
atm3500045,ALTINDAĞ ŞUBE-1,Izmir,Kemalpaşa Caddesi No: 56 Altındağ,40000,0,0,0,0,0,Wednesday,2020-01-01 00:00:00
atm3500046,ALTINDAĞ ŞUBE-2,Izmir,Kemalpaşa Caddesi No: 56 Altındağ,40000,0,0,0,0,0,Wednesday,2020-01-01 00:00:00
atm3500047,BAYRAKLI FOLKART TOWERS,Izmir,BAYRAKLI ADALET MH.MANAS BUL.NO:47 BAYRAKLI,40000,0,0,0,0,0,Wednesday,2020-01-01 00:00:00
atm3500048,BOLİVA BORNOVA,Izmir,İST CD.NO:4 ERZENE MH.BORNOVA,40000,0,0,0,0,0,Wednesday,2020-01-01 00:00:00
atm3500049,BORNOVA EVKA-4,Izmir,BORNOVA EVKA-4 SİTESİ,40000,0,0,0,0,0,Wednesday,2020-01-01 00:00:00
atm3500050,BORNOVA KAMİL TUNCA CAD.,Izmir,BORNOVA KAMİL TUNCA CD.,40000,0,0,0,0,0,Wednesday,2020-01-01 00:00:00
atm3500051,BORNOVA KAZIM K.BEKİR CAD,Izmir,ERZENE MAH.KAZIM KARABEKİR CAD.NO:46/B,40000,0,0,0,0,0,Wednesday,2020-01-01 00:00:00
atm3500052,BORNOVA KİPA,Izmir,KİPA ALIŞVERİŞ MERKEZİ NO:180,40000,0,0,0,0,0,Wednesday,2020-01-01 00:00:00
atm3500053,BORNOVA MERKEZ MİGROS,Izmir,GENÇLİK CAD.80.SOK.NO:16,40000,0,0,0,0,0,Wednesday,2020-01-01 00:00:00
atm3500054,BORNOVA METRO,Izmir,NO: KAZIMDİRİK MAHALLESİ ANKARA CD. YANYOLU,40000,0,0,0,0,0,Wednesday,2020-01-01 00:00:00
atm3500055,BORNOVA MUSTAFA KEMAL CAD,Izmir,BORNOVA MUSTAFA KEMAL CAD.,40000,0,0,0,0,0,Wednesday,2020-01-01 00:00:00
atm3500056,BORNOVA MYVİA AVM ÖNÜ,Izmir,KAZIMDİRİK MAHALLESİ SANAYİ CADDESİ NO:31 Z:6 MYVİA 414,40000,0,0,0,0,0,Wednesday,2020-01-01 00:00:00
atm3500057,BORNOVA ŞUBE-1,Izmir,Erzene Mahallesi 2 Sokak No: 7 / A,40000,0,0,0,0,0,Wednesday,2020-01-01 00:00:00
atm3500058,BORNOVA ŞUBE-2,Izmir,Erzene Mahallesi 2 Sokak No: 7 / A,40000,0,0,0,0,0,Wednesday,2020-01-01 00:00:00
atm3500059,BORNOVA ŞUBE-3,Izmir,Erzene Mahallesi 2 Sokak No: 7 / A,40000,0,0,0,0,0,Wednesday,2020-01-01 00:00:00
atm3500060,ÇAMDİBİ/BORNOVA,Izmir,ÇAMDİBİ KATLI PAZARYERİ,40000,0,0,0,0,0,Wednesday,2020-01-01 00:00:00
atm3500061,ÇAMDİBİ/İZMİR,Izmir,ÇAMDİBİ MAHALLESİ",16.419853,80.445019,80000.0,36160.0,4879.76,1463.93,6343.69,0.0,29816.31,0.0,LOW,LOW,2020-01-07 10:00,,"LOW RISK: Cash reserves (₹36,160) comfortably cover predicted demand (₹4,880) and safety reserve (₹1,464) with ₹29,816 surplus."
37,ATM-137,atm3500062,ÇAMDİBİ BURAK REİS CD. (ATM-137),Guntur,ÇAMDİBİ BURAK REİS CADDESİ,16.217807,80.41459,120000.0,35415.0,4780.25,1434.08,6214.32,0.0,29200.67,0.0,LOW,LOW,2020-01-07 10:00,,"LOW RISK: Cash reserves (₹35,415) comfortably cover predicted demand (₹4,780) and safety reserve (₹1,434) with ₹29,201 surplus."
38,ATM-138,atm3500063,ÇAMDİBİ PAZARYERİ 2.ATM (ATM-138),Guntur,YEŞİLOVA ÇAMDİBİ PAZARYERİ - 2,16.251913,80.52623,120000.0,9620.0,4872.76,1461.83,6334.59,0.0,3285.41,0.0,LOW,LOW,2020-01-07 10:00,,"LOW RISK: Cash reserves (₹9,620) comfortably cover predicted demand (₹4,873) and safety reserve (₹1,462) with ₹3,285 surplus."
39,ATM-139,atm3500064,ÇİMENTAŞ (ATM-139),Guntur,PINARBAŞI ÇİMENTAŞ FAB.ÖNÜ,16.248387,80.454681,120000.0,14880.0,4727.73,1418.32,6146.05,0.0,8733.95,0.0,LOW,LOW,2020-01-07 10:00,,"LOW RISK: Cash reserves (₹14,880) comfortably cover predicted demand (₹4,728) and safety reserve (₹1,418) with ₹8,734 surplus."
40,ATM-140,atm3500065,EGE ÜNİV.TIP FAK.ŞB YANI (ATM-140),Guntur,"KAZIMDİRİK MAHALLESİ,40000,0,0,0,0,0,Wednesday,2020-01-01 00:00:00
atm3500066,EGE ÜNV.ŞB-2,Izmir,Ege Üniversitesi Şubesi Mediko Binası Arkası Kampüs,40000,0,0,0,0,0,Wednesday,2020-01-01 00:00:00
atm3500067,EGE ÜNV.TIP,Izmir,EGE ÜNİVERSİTESİ,40000,0,0,0,0,0,Wednesday,2020-01-01 00:00:00
atm3500068,ERGENE MH.457.SK,Izmir,ERGENE MAHALLESİ MEHMET İNCE SİTESİ,40000,0,0,0,0,0,Wednesday,2020-01-01 00:00:00
atm3500069,EVKA-3 PROF.SİTESİ,Izmir,EVKA-3 PROFESÖRLER SİTESİ,40000,0,0,0,0,0,Wednesday,2020-01-01 00:00:00
atm3500070,HALKAPINAR METRO,Izmir,HALKAPINAR METRO İSTASYONU,40000,0,0,0,0,0,Wednesday,2020-01-01 00:00:00
atm3500071,HAŞİM İŞCAN CADDESİ,Izmir,BAYRAKLI HAŞİM İŞCAN CADDESİ,40000,0,0,0,0,0,Wednesday,2020-01-01 00:00:00
atm3500072,IŞIKKENT ŞUBE-1,Izmir,6118 Sokak No: 30 Işıkkent Ayakkabıcılar Sitesi Kat: 1 Işıkkent,40000,0,0,0,0,0,Wednesday,2020-01-01 00:00:00
atm3500073,IŞIKKENT ŞUBE-2,Izmir,6118 Sokak No: 30 Işıkkent Ayakkabıcılar Sitesi Kat: 1 Işıkkent,40000,0,0,0,0,0,Wednesday,2020-01-01 00:00:00
atm3500074,İZMİR IKEA,Izmir,IKEA MAĞAZASI İÇİ,40000,0,0,0,0,0,Wednesday,2020-01-01 00:00:00
atm3500075,KARA NAKLİYECİLER SİTESİ,Izmir,IŞIKKENT EGEMENLİK MAH.6108 SK NO:51/96 BORNOVA,40000,0,0,0,0,0,Wednesday,2020-01-01 00:00:00
atm3500076,KIDS MALL AVM,Izmir,KAZIM DİRİK MH.372.SOK.BORNOVA,40000,0,0,0,0,0,Wednesday,2020-01-01 00:00:00
atm3500077,KÜÇÜKPARK BORNOVA-1,Izmir,ANKARA CAD.NO:255,40000,0,0,0,0,0,Wednesday,2020-01-01 00:00:00
atm3500078,KÜÇÜKPARK BORNOVA-2,Izmir,ANKARA CAD.NO:255,40000,0,0,0,0,0,Wednesday,2020-01-01 00:00:00
atm3500079,MUSTAFA KEMAL CD.MİGROS,Izmir,M.KEMAL CD. MİGROS ÖNÜ,40000,0,0,0,0,0,Wednesday,2020-01-01 00:00:00
atm3500080,OTOGAR,Izmir,IŞIKKENT MAHALLESİ OTOGAR ÖNÜ,40000,0,0,0,0,0,Wednesday,2020-01-01 00:00:00
atm3500081,ÖZKANLAR METRO İSTASYONU,Izmir,ÖZKANLAR METRO İSTASYONU BORNOVA İZMİR,40000,0,0,0,0,0,Wednesday,2020-01-01 00:00:00
atm3500082,ÖZKANLAR ŞUBE CİVARI,Izmir,G.BANKASI ÖZKANLAR ŞB CİVARI,40000,0,0,0,0,0,Wednesday,2020-01-01 00:00:00
atm3500083,PARK BORNOVA AVM,Izmir,İZMİR PARK İÇİ,40000,0,0,0,0,0,Wednesday,2020-01-01 00:00:00
atm3500084,PINARBAŞI ŞUBE-1,Izmir,Pınar Caddesi No: 93 Pınarbaşı,40000,0,0,0,0,0,Wednesday,2020-01-01 00:00:00
atm3500085,PINARBAŞI ŞUBE-2,Izmir,Pınar Caddesi No: 93 Pınarbaşı,40000,0,0,0,0,0,Wednesday,2020-01-01 00:00:00
atm3500086,PINAR SÜT OTOPARK,Izmir,KEMALPAŞA ASFALTI NO:1 PINARBAŞI,40000,0,0,0,0,0,Wednesday,2020-01-01 00:00:00
atm3500087,POINT BORNOVA AVM,Izmir,4174 SK.NO:4 BAĞBURNU MEVKİİ,40000,0,0,0,0,0,Wednesday,2020-01-01 00:00:00
atm3500088,VOSMER OTOMOTİV,Izmir,MEVLANA MAHALLESİ İZMİR-AYDIN OTOYOLU YANYOLU,40000,0,0,0,0,0,Wednesday,2020-01-01 00:00:00
atm3500089,YAŞAR ÜNV.BORNOVA,Izmir,YAŞAR ÜNV./BORNOVA,40000,0,0,0,0,0,Wednesday,2020-01-01 00:00:00
atm3500090,YEŞİLOVA ÇAMDİBİ,Izmir,YEŞİLOVA ÇAMDİBİ,40000,0,0,0,0,0,Wednesday,2020-01-01 00:00:00
atm3500091,BAHÇELİEVLER MİGROS,Izmir,HÜRRİYET MAHALLESİ 505. SK. NO:20,40000,0,0,0,0,0,Wednesday,2020-01-01 00:00:00
atm3500092,BUCA AKDOĞAN CADDESİ,Izmir,AKINCILAR MAH.NO:565/1 SOKAK NO: 1/1 BUCA/İZMİR,40000,0,0,0,0,0,Wednesday,2020-01-01 00:00:00
atm3500093,BUCA ÇEVİK BİR MEYDAN,Izmir,ÖZMEN CAD.NO:88 BUCA,40000,0,0,0,0,0,Wednesday,2020-01-01 00:00:00
atm3500094,BUCA ERDEM CADDESİ,Izmir,BUCA ERDEM CAD-KIBRIS CAD.- KESİŞİMİ,40000,0,0,0,0,0,Wednesday,2020-01-01 00:00:00
atm3500095,BUCA FIRAT MAHALLESİ,Izmir,FIRAT MAHALLESİ 289 SK. FIRATKENT SİTESİ BUCA,40000,0,0,0,0,0,Wednesday,2020-01-01 00:00:00
atm3500096,BUCA HEYKEL,Izmir,MENDERES CD.ALYUVA APT.NO:23,40000,0,0,0,0,0,Wednesday,2020-01-01 00:00:00
atm3500097,BUCA KOOP.ÇAĞDAŞKENT,Izmir,BUCA KOOPERATİFİ ÇAĞDAŞKENT,40000,0,0,0,0,0,Wednesday,2020-01-01 00:00:00
atm3500098,BUCA KOOP KİPA,Izmir,SULTAN SELİM CAD.NO:212/A EVKA-1 BUCA KOOP.,40000,0,0,0,0,0,Wednesday,2020-01-01 00:00:00
atm3500099,BUCA MENDERES CADDESİ,Izmir,BARIŞ MAH.MENDERES CD. NO:130,40000,0,0,0,0,0,Wednesday,2020-01-01 00:00:00
atm35000100,BUCA ŞUBE-1,Izmir,Çevik Bir Meydanı 255. Sokak No: 3 / A,40000,0,0,0,0,0,Wednesday,2020-01-01 00:00:00
atm35000101,BUCA ŞUBE-2,Izmir,Çevik Bir Meydanı 255. Sokak No: 3 / A,40000,0,0,0,0,0,Wednesday,2020-01-01 00:00:00
atm35000102,EVKA-1 MİGROS,Izmir,ALİ ŞİR NEVAİ CAD. NO:2 EVKA-1,40000,0,0,0,0,0,Wednesday,2020-01-01 00:00:00
atm35000103,GEDİZ MAH./BUCA ŞUBE-1,Izmir,Mustafa Kemal Mahallesi Gazeteci Yazar İsmail Sivri Bulvarı No: 369 / A,40000,0,0,0,0,0,Wednesday,2020-01-01 00:00:00
atm35000104,GEDİZ MAH./BUCA ŞUBE-2,Izmir,Mustafa Kemal Mahallesi Gazeteci Yazar İsmail Sivri Bulvarı No: 369 / A,40000,0,0,0,0,0,Wednesday,2020-01-01 00:00:00
atm35000105,GÖKSU MH.637/4 SK.,Izmir,GÖKSU MAH. 637/4 SK.,40000,0,0,0,0,0,Wednesday,2020-01-01 00:00:00
atm35000106,MİGROS MMM BUCA KOOP.,Izmir,KURUÇEŞME MAHALLESİ AHMET PİRİŞTİNA BLV NO:16,40000,0,0,0,0,0,Wednesday,2020-01-01 00:00:00
atm35000107,OTOKENT BUCA MAH.,Izmir,İNÖNÜ MAH.OTOKENT,40000,0,0,0,0,0,Wednesday,2020-01-01 00:00:00
atm35000108,ŞİRİNYER İZBAN METRO,Izmir,BUCA ŞİRİNYER METRO İSTASYONU,40000,0,0,0,0,0,Wednesday,2020-01-01 00:00:00
atm35000109,ŞİRİNYER M.AKİF ERSOY CD.,Izmir,HÜRRİYET MAH. MEHMET AKİF CADDESİ NO: 104/ A ŞİRİNYER BUCA,40000,0,0,0,0,0,Wednesday,2020-01-01 00:00:00
atm35000110,ŞİRİNYER MİGROS,Izmir,MENDERES CADDESİ NO:245,40000,0,0,0,0,0,Wednesday,2020-01-01 00:00:00
atm35000111,ŞİRİNYER ŞB CİVARI ATM-1,Izmir,HÜRRİYET MH.MENDERES CD NO:331,40000,0,0,0,0,0,Wednesday,2020-01-01 00:00:00
atm35000112,ŞİRİNYER ŞUBE-1,Izmir,Menderes Caddesi No: 286 / C,40000,0,0,0,0,0,Wednesday,2020-01-01 00:00:00
atm35000113,ŞİRİNYER ŞUBE-2,Izmir,Menderes Caddesi No: 286 / C,40000,0,0,0,0,0,Wednesday,2020-01-01 00:00:00
atm35000114,ŞİRİNYER TELEKOM,Izmir,MENDERES CD.NO:252,40000,0,0,0,0,0,Wednesday,2020-01-01 00:00:00
atm35000115,ŞİRİNYER VERGİ DAİRESİ,Izmir,ŞİRİNYER VERGİ DAİRESİ ÖNÜ ŞİRİNYER,40000,0,0,0,0,0,Wednesday,2020-01-01 00:00:00
atm35000116,YAYLACIK MAH. G.O.P CAD.,Izmir,YAYLACIK MAH. GAZİOSMANPAŞA CAD BUCA İZMİR,40000,0,0,0,0,0,Wednesday,2020-01-01 00:00:00
atm35000117,YENİGÜN MAHALLESİ,Izmir,YENİGÜN MAH.268 SOK.BUCA,40000,0,0,0,0,0,Wednesday,2020-01-01 00:00:00
atm35000118,YIKIKKEMER/BUCA-1,Izmir,YIKIKKEMER BUCA,40000,0,0,0,0,0,Wednesday,2020-01-01 00:00:00
atm35000119,YIKIKKEMER BUCA-2,Izmir,YIKIK KEMER BUCA,40000,0,0,0,0,0,Wednesday,2020-01-01 00:00:00
atm35000120,ALAÇATI MERKEZ,Izmir,ALAÇATI BELEDİYE ÖNÜ,40000,0,0,0,0,0,Wednesday,2020-01-01 00:00:00
atm35000121,ALAÇATI PORT MARİNA,Izmir,ALAÇATI PORT MARİNA ÖNÜ,40000,0,0,0,0,0,Wednesday,2020-01-01 00:00:00
atm35000122,ALAÇATI ŞUBE-1-,Izmir,Tokoğlu Mahallesi Kemalpaşa Caddesi No: 50 / A-B Alaçatı,40000,0,0,0,0,0,Wednesday,2020-01-01 00:00:00
atm35000123,ALAÇATI ŞUBE-2-,Izmir,Tokoğlu Mahallesi Kemalpaşa Caddesi No: 50 / A-B Alaçatı,40000,0,0,0,0,0,Wednesday,2020-01-01 00:00:00
atm35000124,CADDE PLUS AVM ÇEŞME,Izmir,SAKARYA MAHALLESİ 2001. SK. NO:119,40000,0,0,0,0,0,Wednesday,2020-01-01 00:00:00
atm35000125,ÇEŞME ALTINYUNUS,Izmir,ALTINYUNUS ÇEŞME TUR.TESİS.KALEM BURNU MEVKİİ,40000,0,0,0,0,0,Wednesday,2020-01-01 00:00:00
atm35000126,ÇEŞME ÇİFTLİKKÖY MAH.,Izmir,ÇİFTLİK MAHALLESİ ŞEHİT MEHMET CADDESİ 18. SOKAK NO: 33 / A,40000,0,0,0,0,0,Wednesday,2020-01-01 00:00:00
atm35000127,ÇEŞME MARİNA,Izmir,MUSALLA MAH.1016 SOK.NO:8 ÇEŞME,40000,0,0,0,0,0,Wednesday,2020-01-01 00:00:00
atm35000128,ÇEŞME MEYDAN,Izmir,İNKILAP CAD. ADLİYE ÖNÜ,40000,0,0,0,0,0,Wednesday,2020-01-01 00:00:00
atm35000129,ÇEŞME ŞUBE-1,Izmir,Cumhuriyet Meydanı No: 9,40000,0,0,0,0,0,Wednesday,2020-01-01 00:00:00
atm35000130,ÇEŞME ŞUBE-2,Izmir,Cumhuriyet Meydanı No: 9,40000,0,0,0,0,0,Wednesday,2020-01-01 00:00:00
atm35000131,DALYAN ÇEŞME DÜKKAN,Izmir,DALYAN MAHALLESİ 4218. SK. 49A,40000,0,0,0,0,0,Wednesday,2020-01-01 00:00:00
atm35000132,ILICA 5065 SOKAK,Izmir,ILICA MAHALLESİ 5065. SK. NO:25,40000,0,0,0,0,0,Wednesday,2020-01-01 00:00:00
atm35000133,SHERATON ÇEŞME HOTEL,Izmir,ŞİFNE CAD.5152 SK.NO:43 ILICA,40000,0,0,0,0,0,Wednesday,2020-01-01 00:00:00
atm35000134,ATATÜRK O.S ÇİĞLİ ŞB-1,Izmir,Atatürk Organize Sanayi Bölgesi Mustafa Kemal Atatürk Bulvarı No: 42 / 5,40000,0,0,0,0,0,Wednesday,2020-01-01 00:00:00
atm35000135,ATATÜRK O.S ÇİĞLİ ŞB-2,Izmir,Atatürk Organize Sanayi Bölgesi Mustafa Kemal Atatürk Bulvarı No: 42 / 5,40000,0,0,0,0,0,Wednesday,2020-01-01 00:00:00
atm35000136,ÇİĞLİ BÖL.ARAŞ.HASTANESİ,Izmir,YENİ MAH.ATA SANAYİ SOKAK NO:18 8780/1 ÇİĞLİ,40000,0,0,0,0,0,Wednesday,2020-01-01 00:00:00
atm35000137,ÇİĞLİ EGEKENT,Izmir,ÇİĞLİ EGEKENT,40000,0,0,0,0,0,Wednesday,2020-01-01 00:00:00
atm35000138,ÇİĞLİ EVKA 5,Izmir,8809 SOK.NO:141 EVKA-5,40000,0,0,0,0,0,Wednesday,2020-01-01 00:00:00
atm35000139,ÇİĞLİ İZBAN METRO,Izmir,ÇİĞLİ METRO İSTASYONU,40000,0,0,0,0,0,Wednesday,2020-01-01 00:00:00
atm35000140,ÇİĞLİ ŞUBE-1,Izmir,Anadolu Caddesi No: 798,40000,0,0,0,0,0,Wednesday,2020-01-01 00:00:00
atm35000141,ÇİĞLİ ŞUBE-2,Izmir,Anadolu Caddesi No: 798,40000,0,0,0,0,0,Wednesday,2020-01-01 00:00:00
atm35000142,ÇİĞLİ ŞUBE-3,Izmir,Anadolu Caddesi No: 798,40000,0,0,0,0,0,Wednesday,2020-01-01 00:00:00
atm35000143,DYO BOYA ÇİĞLİ,Izmir,ATATÜRK ORG.SAN.BÖL.10003 SOK.NO:2 ÇİĞLİ,40000,0,0,0,0,0,Wednesday,2020-01-01 00:00:00
atm35000144,EVKA-2 KÜLTÜR MERKEZİ,Izmir,EVKA-2 MAHALLESİ 6866. SK. NO:20,40000,0,0,0,0,0,Wednesday,2020-01-01 00:00:00
atm35000145,KİPA ÇİĞLİ-1,Izmir,YENİ HAVAALANI CAD. NO:40 35610,40000,0,0,0,0,0,Wednesday,2020-01-01 00:00:00
atm35000146,KİPA ÇİĞLİ-2,Izmir,YENİ HAVAALANI CAD.NO:40 ÇİĞLİ,40000,0,0,0,0,0,Wednesday,2020-01-01 00:00:00
atm35000147,KİPA ÇİĞLİ-3,Izmir,ÇİĞLİ KİPA MAĞAZASI İÇİ,40000,0,0,0,0,0,Wednesday,2020-01-01 00:00:00
atm35000148,MAVİŞEHİR SOYAK,Izmir,MAVİŞEHİR SOYAK ÇİĞLİ,40000,0,0,0,0,0,Wednesday,2020-01-01 00:00:00
atm35000149,ÇANDARLI/DİKİLİ,Izmir,ÇANDARLI MAHALLESİ BERGAMA CAD.,40000,0,0,0,0,0,Wednesday,2020-01-01 00:00:00
atm35000150,DİKİLİ MEYDAN,Izmir,İSMETPAŞA MAHALLESİ ATATÜRK CD. NO:1,40000,0,0,0,0,0,Wednesday,2020-01-01 00:00:00
atm35000151,DİKİLİ SALİHLERALTI,Izmir,SALİHLERALTI BELDESİ YAĞMUR İŞ MER.2 NOLU DÜK.ÖNÜ,40000,0,0,0,0,0,Wednesday,2020-01-01 00:00:00
atm35000152,DİKİLİ ŞUBE-1,Izmir,İsmetpaşa Mahallesi Adnan Menderes Caddesi No: 19,40000,0,0,0,0,0,Wednesday,2020-01-01 00:00:00
atm35000153,DİKİLİ ŞUBE-2,Izmir,İsmetpaşa Mahallesi Adnan Menderes Caddesi No: 19,40000,0,0,0,0,0,Wednesday,2020-01-01 00:00:00
atm35000154,ESKİ FOÇA MEYDANI,Izmir,ATATÜRK MAH.ÇEŞME MEYDANI TAKSİ DURAĞI YANI,40000,0,0,0,0,0,Wednesday,2020-01-01 00:00:00
atm35000155,FOÇA BELEDİYE MEYDANI,Izmir,REHA MİDİLLİ CD.ATATÜRK MH.,40000,0,0,0,0,0,Wednesday,2020-01-01 00:00:00
atm35000156,FOÇA ŞUBE,Izmir,Atatürk Mahallesi Avni Arbaş Sokak No: 2,40000,0,0,0,0,0,Wednesday,2020-01-01 00:00:00
atm35000157,YENİ FOÇA,Izmir,ALİ STAR CAD.NO:12 YENİFOÇA,40000,0,0,0,0,0,Wednesday,2020-01-01 00:00:00
atm35000158,DELFPHİ OTO-1,Izmir,NİLÜFER SK.C BLOK MODÜL 5 EGE SERBEST BÖLGESİ,40000,0,0,0,0,0,Wednesday,2020-01-01 00:00:00
atm35000159,EGE SERBEST BÖLGE,Izmir,NİLÜFER SK.C BLOK MODÜL 5 EGE SERBEST BÖLGESİ,40000,0,0,0,0,0,Wednesday,2020-01-01 00:00:00
atm35000160,EMLAKBANK KONUTLARI,Izmir,ADEMYAVUZ CADDESİ 80/1 SOK.EMLAKBANK KONUTLARI,40000,0,0,0,0,0,Wednesday,2020-01-01 00:00:00
atm35000161,GAZİEMİR ÇARŞI ŞUBE-1,Izmir,Atıfbey Mahallesi Türkan Saylan Caddesi 11 / 2 Sokak No: 51,40000,0,0,0,0,0,Wednesday,2020-01-01 00:00:00
atm35000162,GAZİEMİR ÇARŞI ŞUBE-2,Izmir,Atıfbey Mahallesi Türkan Saylan Caddesi 11 / 2 Sokak No: 51,40000,0,0,0,0,0,Wednesday,2020-01-01 00:00:00
atm35000163,GAZİEMİR MİGROS,Izmir,AKÇAY CADDESİ NO:236,40000,0,0,0,0,0,Wednesday,2020-01-01 00:00:00
atm35000164,GAZİEMİR ŞUBE-1,Izmir,Dokuz Eylül Mahallesi Akçay Caddesi No:175 / B,40000,0,0,0,0,0,Wednesday,2020-01-01 00:00:00
atm35000165,GAZİEMİR ŞUBE-2,Izmir,Dokuz Eylül Mahallesi Akçay Caddesi No:175 / B,40000,0,0,0,0,0,Wednesday,2020-01-01 00:00:00
atm35000166,GAZİEMİR TELEKOM,Izmir,GAZİ MAHALLESİ ÖNDER CD. NO:49,40000,0,0,0,0,0,Wednesday,2020-01-01 00:00:00
atm35000167,İZMİR OPTIMUM AVM -2,Izmir,DOKUZ EYLÜL MH. AKÇAY CD. NO:101,40000,0,0,0,0,0,Wednesday,2020-01-01 00:00:00
atm35000168,İZMİR OPTİMUM AVM,Izmir,OPTİMUM AVM GAZİEMİR,40000,0,0,0,0,0,Wednesday,2020-01-01 00:00:00
atm35000169,KİPA GAZİEMİR,Izmir,KİPA MAĞAZASI İÇİ GAZİEMİR,40000,0,0,0,0,0,Wednesday,2020-01-01 00:00:00
atm35000170,SARNIÇ MAHALLESİ,Izmir,EGEMEN YILDIZ PARKI,40000,0,0,0,0,0,Wednesday,2020-01-01 00:00:00
atm35000171,GÜZELBAHÇE SHELL,Izmir,MİTHATPAŞA CADDESİ NO:343 GÜZELBAHÇE,40000,0,0,0,0,0,Wednesday,2020-01-01 00:00:00
atm35000172,HEDEF ZİRAAT ATM,Izmir,SEFERİHİSAR CD.NO:70 GÜZELBAHÇE,40000,0,0,0,0,0,Wednesday,2020-01-01 00:00:00
atm35000173,MİGROS MM GÜZELBAHÇE,Izmir,YALI MAHALLESİ MİTHATPAŞA CD. NO:475,40000,0,0,0,0,0,Wednesday,2020-01-01 00:00:00
atm35000174,ALİ FUAT CEBESOY MAH.,Izmir,ALİ FUAT CEBESOY MH.ESKİ İZMİR CD.,40000,0,0,0,0,0,Wednesday,2020-01-01 00:00:00
atm35000175,BOZYAKA SGK,Izmir,SAİM ÇIKRIKÇI CD.BOZYAKA SGK YANI,40000,0,0,0,0,0,Wednesday,2020-01-01 00:00:00
atm35000176,BOZYAKA ŞUBE-1,Izmir,Eski İzmir Caddesi No: 133 Bozyaka,40000,0,0,0,0,0,Wednesday,2020-01-01 00:00:00
atm35000177,BOZYAKA ŞUBE-2,Izmir,Eski İzmir Caddesi No: 133 Bozyaka,40000,0,0,0,0,0,Wednesday,2020-01-01 00:00:00
atm35000178,BOZYAKA YIKIK CAMİİ MEVKİ,Izmir,BOZYAKA YIKI CAMİİ ESKİ İZMİR CD.,40000,0,0,0,0,0,Wednesday,2020-01-01 00:00:00
atm35000179,HATAY CADDESİ ŞUBE-1,Izmir,Arap Hasan Mahallesi İnönü Caddesi No: 323 / A,40000,0,0,0,0,0,Wednesday,2020-01-01 00:00:00
atm35000180,HATAY CADDESİ ŞUBE-2,Izmir,Arap Hasan Mahallesi İnönü Caddesi No: 323 / A,40000,0,0,0,0,0,Wednesday,2020-01-01 00:00:00
atm35000181,KARABAĞLAR 4012 SOKAK,Izmir,KARABAĞLAR PEHLİVANOĞLU MARKET ÖNÜ,40000,0,0,0,0,0,Wednesday,2020-01-01 00:00:00
atm35000182,KARABAĞLAR BULVAR ŞUBE-1,Izmir,Osman Aksüner Mahallesi Yeşillik Caddesi No:227 / 4,40000,0,0,0,0,0,Wednesday,2020-01-01 00:00:00
atm35000183,KARABAĞLAR ÇAMLIK,Izmir,KARABAĞLAR ÇAMLIK 4012.SK,40000,0,0,0,0,0,Wednesday,2020-01-01 00:00:00
atm35000184,KARABAĞLAR FULYA SİTESİ,Izmir,SELVİLİ MH.ŞEHİT PİLOT VOLKAN KOÇYİĞİT BUL.FULYA SİTESİ NO:49,40000,0,0,0,0,0,Wednesday,2020-01-01 00:00:00
atm35000185,KARABAĞLAR İNÖNÜ CADDESİ,Izmir,ESENYALI MAHALLESİ İNÖNÜ CD. NO:607,40000,0,0,0,0,0,Wednesday,2020-01-01 00:00:00
atm35000186,KARABAĞLAR POLAT CADDESİ,Izmir,POLAT CD.NO:32 KARABAĞLAR,40000,0,0,0,0,0,Wednesday,2020-01-01 00:00:00
atm35000187,KARABAĞLAR ŞUBE-1,Izmir,Aşık Veysel Mahallesi Yeşillik Caddesi No: 443,40000,0,0,0,0,0,Wednesday,2020-01-01 00:00:00
atm35000188,KARABAĞLAR ŞUBE-2,Izmir,Aşık Veysel Mahallesi Yeşillik Caddesi No: 443,40000,0,0,0,0,0,Wednesday,2020-01-01 00:00:00
atm35000189,KARABAĞLAR ŞUBE-3,Izmir,Aşık Veysel Mahallesi Yeşillik Caddesi No: 443,40000,0,0,0,0,0,Wednesday,2020-01-01 00:00:00
atm35000190,KARABAĞLAR ZEREK PETROL-1,Izmir,4714 SOK.NO:45 YENİÇAMLIK,40000,0,0,0,0,0,Wednesday,2020-01-01 00:00:00
atm35000191,KARABAĞLAR ZEREK PETROL-2,Izmir,4714 SOK.NO:45 YENİÇAMLIK,40000,0,0,0,0,0,Wednesday,2020-01-01 00:00:00
atm35000192,ÜÇYOL METRO DÜKKAN,Izmir,İNÖNÜ CAD.NO:167/C ÜÇYOL,40000,0,0,0,0,0,Wednesday,2020-01-01 00:00:00
atm35000193,YEŞİLYURT DEVLET HAST.,Izmir,POLAT CAD.98.PARSEL KARABAĞ,40000,0,0,0,0,0,Wednesday,2020-01-01 00:00:00
atm35000194,YEŞİLYURT ORDU CADDESİ,Izmir,YEŞİLYURT ORDU CAD.KARABAĞLAR,40000,0,0,0,0,0,Wednesday,2020-01-01 00:00:00
atm35000195,YILDIZ CAD-KARABAĞLAR,Izmir,YILDIZ CAD.NO:1 KARABAĞLAR,40000,0,0,0,0,0,Wednesday,2020-01-01 00:00:00
atm35000196,MORDOĞAN HOGET PETROL,Izmir,İZMİR CD.SARICA MEVKİİ MORDOĞAN/KARABURUN,40000,0,0,0,0,0,Wednesday,2020-01-01 00:00:00
atm35000197,AKSOY/KARŞIYAKA ŞUBE-2,Izmir,Bostanlı Mahallesi Girne Bulvarı No: 51 / A,40000,0,0,0,0,0,Wednesday,2020-01-01 00:00:00
atm35000198,AKSOY KARŞIYAKA ŞUBE-1,Izmir,Bostanlı Mahallesi Girne Bulvarı No: 51 / A,40000,0,0,0,0,0,Wednesday,2020-01-01 00:00:00
atm35000199,ALAYBEY TELEKOM KARŞIYAKA,Izmir,KARŞIYAKA ALAYBEY TELEKOM ÖNÜ,40000,0,0,0,0,0,Wednesday,2020-01-01 00:00:00
atm35000200,ALPARSLAN MAHALLESİ,Izmir,ALPASLAN MAH. 1620 SK.,40000,0,0,0,0,0,Wednesday,2020-01-01 00:00:00
atm35000201,BOSTANLI DÜKKAN,Izmir,2018 SK. NO:7 PAZARYERİ BOSTANLI,40000,0,0,0,0,0,Wednesday,2020-01-01 00:00:00
atm35000202,BOSTANLI ŞUBE-1,Izmir,Cemal Gürsel Caddesi No: 526 / A Bostanlı,40000,0,0,0,0,0,Wednesday,2020-01-01 00:00:00
atm35000203,BOSTANLI ŞUBE-2,Izmir,Cemal Gürsel Caddesi No: 526 / A Bostanlı,40000,0,0,0,0,0,Wednesday,2020-01-01 00:00:00
atm35000204,CUMHURİYET MH. 6653 SOK.,Izmir,CUMHURİYET MAH. 6653 SOK.,40000,0,0,0,0,0,Wednesday,2020-01-01 00:00:00
atm35000205,DEMİRKÖPRÜ METRO,Izmir,DEMİRKÖPRÜ METRO İÇİ,40000,0,0,0,0,0,Wednesday,2020-01-01 00:00:00
atm35000206,EGEPARK MAVİŞEHİR AVM,Izmir,EGEPARK AVM,40000,0,0,0,0,0,Wednesday,2020-01-01 00:00:00
atm35000207,GİRNE CADDESİ ŞB-1,Izmir,Bahçelievler Mahallesi Girne Caddesi No: 170 / A,40000,0,0,0,0,0,Wednesday,2020-01-01 00:00:00
atm35000208,GİRNE CADDESİ ŞB-2,Izmir,Bahçelievler Mahallesi Girne Caddesi No: 170 / A,40000,0,0,0,0,0,Wednesday,2020-01-01 00:00:00
atm35000209,GİRNE CADDESİ ŞB-3,Izmir,Bahçelievler Mahallesi Girne Caddesi No: 170 / A,40000,0,0,0,0,0,Wednesday,2020-01-01 00:00:00
atm35000210,GÜN SAZAK BULVARI,Izmir,1831 SK. GÜNSAZAK BULVARI NO:26/G KARŞIYAKA-İZMİR,40000,0,0,0,0,0,Wednesday,2020-01-01 00:00:00
atm35000211,İSKELE-1 KARŞIYAKA,Izmir,KARŞIYAKA VAPUR İSKELESİ ÖNÜ,40000,0,0,0,0,0,Wednesday,2020-01-01 00:00:00
atm35000212,İSKELE-2 KARŞIYAKA,Izmir,KARŞIYAKA VAPUR İSKELESİ ÖNÜ,40000,0,0,0,0,0,Wednesday,2020-01-01 00:00:00
atm35000213,İSKELE-3 KARŞIYAKA,Izmir,YALI CAD. NO:35/B VAPUR İSKELESİ,40000,0,0,0,0,0,Wednesday,2020-01-01 00:00:00
atm35000214,İZMİR MEDİCAL PARK HAST.,Izmir,İMBATLI MAHALLESİ 1825. SK. NO:16,40000,0,0,0,0,0,Wednesday,2020-01-01 00:00:00
atm35000215,KARŞIYAKA ALAYBEY,Izmir,1869 SK.HİDAYET ERZEYBEK CD.NO:61/B,40000,0,0,0,0,0,Wednesday,2020-01-01 00:00:00
atm35000216,KARŞIYAKA ANADOLU CAD,Izmir,KARŞIYAKA ANADOLU CAD. ERDOĞAN AKKAYA SOK. KESİŞİMİ,40000,0,0,0,0,0,Wednesday,2020-01-01 00:00:00
atm35000217,KARŞIYAKA B.ÜÇOK BLV.,Izmir,BAHARİYE MAHALLESİ ATATÜRK BLV. 8-2,40000,0,0,0,0,0,Wednesday,2020-01-01 00:00:00
atm35000218,KARŞIYAKA CARREFOUR,Izmir,ZÜBEYDE HANIM MAH. 7532. SOK. NO: 122/B-C,40000,0,0,0,0,0,Wednesday,2020-01-01 00:00:00
atm35000219,KARŞIYAKA ÇARŞI ŞUBE-1,Izmir,Donanmacı Mahallesi Kemalpaşa Caddesi No: 25,40000,0,0,0,0,0,Wednesday,2020-01-01 00:00:00
atm35000220,KARŞIYAKA ÇARŞI ŞUBE-2,Izmir,DONANMACI MAHALLESİ KEMALPAŞA CADDESİ NO: 25,40000,0,0,0,0,0,Wednesday,2020-01-01 00:00:00
atm35000221,KARŞIYAKA HİLLTOWN,Izmir,YALI 6523. SK. NO:12,40000,0,0,0,0,0,Wednesday,2020-01-01 00:00:00
atm35000222,KARŞIYAKA İZBAN METRO-1-,Izmir,KARŞIYAKA METRO İSTASYONU,40000,0,0,0,0,0,Wednesday,2020-01-01 00:00:00
atm35000223,KARŞIYAKA İZBAN METRO-2,Izmir,KARŞIYAKA İSTASYONU,40000,0,0,0,0,0,Wednesday,2020-01-01 00:00:00
atm35000224,KARŞIYAKA KİLİSE SOKAK,Izmir,DONANMACI MAHALLESİ 1728. SK. NO:64,40000,0,0,0,0,0,Wednesday,2020-01-01 00:00:00
atm35000225,KARŞIYAKA ŞUBE-1,Izmir,Karşıyaka Vapur İskelesi Yalı Caddesi No: 35 / B,40000,0,0,0,0,0,Wednesday,2020-01-01 00:00:00
atm35000226,KARŞIYAKA TERSANE,Izmir,TERSANE MAHALLESİ 1675 SOKAK NO:145/C ALAYBEY,40000,0,0,0,0,0,Wednesday,2020-01-01 00:00:00
atm35000227,MAVİBAHÇE AVM,Izmir,MAVİBAHÇE AVM 2040/3 SK.,40000,0,0,0,0,0,Wednesday,2020-01-01 00:00:00
atm35000228,MAVİŞEHİR ALBATROS SİTESİ,Izmir,ALBATROS SİTESİ MAVİŞEHİR,40000,0,0,0,0,0,Wednesday,2020-01-01 00:00:00
atm35000229,MAVİŞEHİR AZİZ NESİN BLV.,Izmir,MAVİŞEHİR MAHALLESİ",16.316249,80.304383,200000.0,25050.0,4842.43,1452.73,6295.16,0.0,18754.84,0.0,LOW,LOW,2020-01-07 10:00,,"LOW RISK: Cash reserves (₹25,050) comfortably cover predicted demand (₹4,842) and safety reserve (₹1,453) with ₹18,755 surplus."
41,ATM-141,atm35000230,MAVİŞEHİR ŞUBE-1 (ATM-141),Guntur,Yalı Mahallesi Caher Dudayev Bulvarı No:70 / A,16.389025,80.345753,120000.0,39830.0,4804.92,1441.48,6246.4,0.0,33583.6,0.0,LOW,LOW,2020-01-07 10:00,,"LOW RISK: Cash reserves (₹39,830) comfortably cover predicted demand (₹4,805) and safety reserve (₹1,441) with ₹33,584 surplus."
42,ATM-142,atm35000231,MAVİŞEHİR ŞUBE-2 (ATM-142),Guntur,Yalı Mahallesi Caher Dudayev Bulvarı No:70 / A,16.19574,80.430929,100000.0,30230.0,4856.46,1456.94,6313.4,0.0,23916.6,0.0,LOW,LOW,2020-01-07 10:00,,"LOW RISK: Cash reserves (₹30,230) comfortably cover predicted demand (₹4,856) and safety reserve (₹1,457) with ₹23,917 surplus."
43,ATM-143,atm35000232,MİGROS MMM BOSTANLI (ATM-143),Guntur,BOSTANLI MAHALLESİ 1787/1. SK. NO:16,16.308747,80.40942,200000.0,6160.0,4915.66,1474.7,6390.36,230.36,0.0,3.6,MEDIUM,MEDIUM,2020-01-07 10:00,120.0,MEDIUM RISK: Minor cash deficit of ₹230 against projected demand + 30% reserve buffer.
44,ATM-144,atm35000233,NERGİZ METRO DÜKKAN (ATM-144),Guntur,NERGİZ MAH.1671 SOKAK NO:168/B,16.417051,80.375563,80000.0,8290.0,4748.26,1424.48,6172.74,0.0,2117.26,0.0,LOW,LOW,2020-01-07 10:00,,"LOW RISK: Cash reserves (₹8,290) comfortably cover predicted demand (₹4,748) and safety reserve (₹1,424) with ₹2,117 surplus."
45,ATM-145,atm35000234,SOYAK YALI MAHALLESİ (ATM-145),Guntur,YALI MAH. 6523. SOK. PARKYAŞAM TİCARET AVM NO: 32/A-B,16.225777,80.442547,80000.0,20840.0,4841.98,1452.59,6294.57,0.0,14545.43,0.0,LOW,LOW,2020-01-07 10:00,,"LOW RISK: Cash reserves (₹20,840) comfortably cover predicted demand (₹4,842) and safety reserve (₹1,453) with ₹14,545 surplus."
46,ATM-146,atm35000235,ŞEMİKLER/KARŞIYAKA (ATM-146),Guntur,YALI MAH.6418 SOK.ŞEMİKLER,16.394874,80.34883,120000.0,5740.0,4933.83,1480.15,6413.98,673.98,0.0,10.5,MEDIUM,MEDIUM,2020-01-07 10:00,120.0,MEDIUM RISK: Minor cash deficit of ₹674 against projected demand + 30% reserve buffer.
47,ATM-147,atm35000236,ŞEMİKLER ERDOĞAN AKKAYA C (ATM-147),Guntur,ŞEMİKLER ÇARŞI ERDOĞAN AKKAYA SK.,16.308807,80.474739,200000.0,18655.0,4739.42,1421.83,6161.25,0.0,12493.75,0.0,LOW,LOW,2020-01-07 10:00,,"LOW RISK: Cash reserves (₹18,655) comfortably cover predicted demand (₹4,739) and safety reserve (₹1,422) with ₹12,494 surplus."
48,ATM-148,atm35000237,ŞEMİKLER MEYDAN (ATM-148),Guntur,ŞEMİKLER MEYDANI 1671 SK.378/B,16.413243,80.502767,150000.0,35325.0,4799.0,1439.7,6238.7,0.0,29086.3,0.0,LOW,LOW,2020-01-07 10:00,,"LOW RISK: Cash reserves (₹35,325) comfortably cover predicted demand (₹4,799) and safety reserve (₹1,440) with ₹29,086 surplus."
49,ATM-149,atm35000238,YENİ GİRNE/KARŞIYAKA ŞB-1 (ATM-149),Guntur,Örnekköy Mahallesi Girne Bulvarı No: 263 / A,16.413593,80.420995,200000.0,8950.0,4817.13,1445.14,6262.27,0.0,2687.73,0.0,LOW,LOW,2020-01-07 10:00,,"LOW RISK: Cash reserves (₹8,950) comfortably cover predicted demand (₹4,817) and safety reserve (₹1,445) with ₹2,688 surplus."
50,ATM-150,atm35000239,YENİ GİRNE/KARŞIYAKA ŞB-2 (ATM-150),Guntur,Örnekköy Mahallesi Girne Bulvarı No: 263 / A,16.377084,80.513028,150000.0,35035.0,4897.3,1469.19,6366.49,0.0,28668.51,0.0,LOW,LOW,2020-01-07 10:00,,"LOW RISK: Cash reserves (₹35,035) comfortably cover predicted demand (₹4,897) and safety reserve (₹1,469) with ₹28,669 surplus."
51,ATM-151,atm35000240,BANVİT KEMALPAŞA (ATM-151),Guntur,MEHMET AKİF ERSOY MAHALLESİ 217. SK. NO:7,16.369772,80.547821,200000.0,40415.0,4826.58,1447.97,6274.55,0.0,34140.45,0.0,LOW,LOW,2020-01-07 10:00,,"LOW RISK: Cash reserves (₹40,415) comfortably cover predicted demand (₹4,827) and safety reserve (₹1,448) with ₹34,140 surplus."
52,ATM-152,atm35000241,KEMALPAŞA İNÖNÜ CADDESİ (ATM-152),Guntur,KEMALPAŞA İNÖNÜ CAD.MERKEZ,16.204953,80.492087,100000.0,11225.0,4859.3,1457.79,6317.09,0.0,4907.91,0.0,LOW,LOW,2020-01-07 10:00,,"LOW RISK: Cash reserves (₹11,225) comfortably cover predicted demand (₹4,859) and safety reserve (₹1,458) with ₹4,908 surplus."
53,ATM-153,atm35000242,KEMALPAŞA ŞUBE-1 (ATM-153),Guntur,Atatürk Mahallesi İzmir Caddesi No: 13 / A,16.310731,80.309605,100000.0,16465.0,4765.38,1429.61,6194.99,0.0,10270.01,0.0,LOW,LOW,2020-01-07 10:00,,"LOW RISK: Cash reserves (₹16,465) comfortably cover predicted demand (₹4,765) and safety reserve (₹1,430) with ₹10,270 surplus."
54,ATM-154,atm35000243,KEMALPAŞA ŞUBE-2 (ATM-154),Guntur,Atatürk Mahallesi İzmir Caddesi No: 13 / A,16.230036,80.495311,120000.0,6545.0,4828.55,1448.57,6277.11,0.0,267.89,0.0,LOW,LOW,2020-01-07 10:00,,"LOW RISK: Cash reserves (₹6,545) comfortably cover predicted demand (₹4,829) and safety reserve (₹1,449) with ₹268 surplus."
55,ATM-155,atm35000244,KEMALPAŞA TELEKOM (ATM-155),Guntur,SOĞUKPINAR MAHALLESİ BELEDİYE CD. 29 C,16.245794,80.429464,80000.0,33780.0,4842.52,1452.76,6295.28,0.0,27484.72,0.0,LOW,LOW,2020-01-07 10:00,,"LOW RISK: Cash reserves (₹33,780) comfortably cover predicted demand (₹4,843) and safety reserve (₹1,453) with ₹27,485 surplus."
56,ATM-156,atm35000245,PEPSİ KEMALPAŞA (ATM-156),Guntur,KEMALPAŞA ASFALTI NO:57 KEMALPAŞA,16.341487,80.451922,80000.0,6210.0,4768.69,1430.61,6199.3,0.0,10.7,0.0,LOW,LOW,2020-01-07 10:00,,"LOW RISK: Cash reserves (₹6,210) comfortably cover predicted demand (₹4,769) and safety reserve (₹1,431) with ₹11 surplus."
57,ATM-157,atm35000246,PINAR ET/KEMALPAŞA (ATM-157),Guntur,ANKARA ASFALTI 25 KM KEMALPAŞA,16.316647,80.519015,100000.0,10230.0,4815.01,1444.5,6259.51,0.0,3970.49,0.0,LOW,LOW,2020-01-07 10:00,,"LOW RISK: Cash reserves (₹10,230) comfortably cover predicted demand (₹4,815) and safety reserve (₹1,445) with ₹3,970 surplus."
58,ATM-158,atm35000247,KINIK (ATM-158),Guntur,AŞAĞI MAH.CUMHURİYET CAD. NO:7,16.304581,80.42836,80000.0,29070.0,4808.67,1442.6,6251.27,0.0,22818.73,0.0,LOW,LOW,2020-01-07 10:00,,"LOW RISK: Cash reserves (₹29,070) comfortably cover predicted demand (₹4,809) and safety reserve (₹1,443) with ₹22,819 surplus."
59,ATM-159,atm35000248,ÖDEMİŞ KİRAZ (ATM-159),Guntur,KİRAZ MEYDAN,16.336084,80.415812,120000.0,5000.0,4822.56,1446.77,6269.33,1269.33,0.0,20.2,MEDIUM,MEDIUM,2020-01-07 10:00,120.0,"MEDIUM RISK: Minor cash deficit of ₹1,269 against projected demand + 30% reserve buffer."
60,ATM-160,atm35000249,1.SANAYİ SİTESİ ŞB (ATM-160),Guntur,2822. Sokak No: 91 1.Sanayii Sitesi,16.307901,80.453074,150000.0,7720.0,4761.9,1428.57,6190.47,0.0,1529.53,0.0,LOW,LOW,2020-01-07 10:00,,"LOW RISK: Cash reserves (₹7,720) comfortably cover predicted demand (₹4,762) and safety reserve (₹1,429) with ₹1,530 surplus."
61,ATM-161,atm35000250,ALSANCAK İZBAN METRO (ATM-161),Guntur,ALSANCAK METRO İSTASYONU,16.329376,80.462403,200000.0,8865.0,4779.29,1433.79,6213.08,0.0,2651.92,0.0,LOW,LOW,2020-01-07 10:00,,"LOW RISK: Cash reserves (₹8,865) comfortably cover predicted demand (₹4,779) and safety reserve (₹1,434) with ₹2,652 surplus."
62,ATM-162,atm35000251,ALSANCAK LİMAN ŞUBE-1 (ATM-162),Guntur,ATATÜRK CADDESİ NO: 386 / A,16.310145,80.518029,150000.0,24320.0,4893.61,1468.08,6361.69,0.0,17958.31,0.0,LOW,LOW,2020-01-07 10:00,,"LOW RISK: Cash reserves (₹24,320) comfortably cover predicted demand (₹4,894) and safety reserve (₹1,468) with ₹17,958 surplus."
63,ATM-163,atm35000252,ALSANCAK LİMAN ŞUBE-2 (ATM-163),Guntur,Alsancak Mahallesi Atatürk Caddesi No: 432,16.345786,80.540136,80000.0,5000.0,4779.3,1433.79,6213.09,1213.09,0.0,19.5,MEDIUM,MEDIUM,2020-01-07 10:00,120.0,"MEDIUM RISK: Minor cash deficit of ₹1,213 against projected demand + 30% reserve buffer."
64,ATM-164,atm35000253,ALSANCAK MİGROS (ATM-164),Guntur,TALATPAŞA BULVARI NO:59/A ALSANCAK,16.252742,80.509642,150000.0,39490.0,4819.88,1445.96,6265.84,0.0,33224.16,0.0,LOW,LOW,2020-01-07 10:00,,"LOW RISK: Cash reserves (₹39,490) comfortably cover predicted demand (₹4,820) and safety reserve (₹1,446) with ₹33,224 surplus."
65,ATM-165,atm35000254,ALSANCAK ŞUBE-1 (ATM-165),Guntur,Kültür Mahallesi Dr. Mustafa Enver Bey Caddesi No: 22 / A,16.298199,80.369516,80000.0,41485.0,4769.58,1430.87,6200.45,0.0,35284.55,0.0,LOW,LOW,2020-01-07 10:00,,"LOW RISK: Cash reserves (₹41,485) comfortably cover predicted demand (₹4,770) and safety reserve (₹1,431) with ₹35,285 surplus."
66,ATM-166,atm35000255,ALSANCAK ŞUBE-2 (ATM-166),Guntur,Kültür Mahallesi Dr. Mustafa Enver Bey Caddesi No: 22 / A,16.304696,80.421339,80000.0,7860.0,4759.91,1427.97,6187.88,0.0,1672.12,0.0,LOW,LOW,2020-01-07 10:00,,"LOW RISK: Cash reserves (₹7,860) comfortably cover predicted demand (₹4,760) and safety reserve (₹1,428) with ₹1,672 surplus."
67,ATM-167,atm35000256,ATILLA MAH.INONU CAD. (ATM-167),Guntur,ATİLLA MAHALLESİ İNÖNÜ CD. 39 A,16.320605,80.473232,150000.0,11910.0,4797.32,1439.2,6236.52,0.0,5673.48,0.0,LOW,LOW,2020-01-07 10:00,,"LOW RISK: Cash reserves (₹11,910) comfortably cover predicted demand (₹4,797) and safety reserve (₹1,439) with ₹5,673 surplus."
68,ATM-168,atm35000257,BASMANE-1 (ATM-168),Guntur,FEVZİ PAŞA BULV.İKBAL İŞ MERK.NO:151,16.316647,80.459839,150000.0,29435.0,4848.32,1454.5,6302.82,0.0,23132.18,0.0,LOW,LOW,2020-01-07 10:00,,"LOW RISK: Cash reserves (₹29,435) comfortably cover predicted demand (₹4,848) and safety reserve (₹1,454) with ₹23,132 surplus."
69,ATM-169,atm35000258,BASMANE ŞUBE-1- (ATM-169),Guntur,İsmet Kaptan Mahallesi Fevzipaşa Bulvarı No:123,16.340403,80.418123,150000.0,35805.0,4826.47,1447.94,6274.41,0.0,29530.59,0.0,LOW,LOW,2020-01-07 10:00,,"LOW RISK: Cash reserves (₹35,805) comfortably cover predicted demand (₹4,826) and safety reserve (₹1,448) with ₹29,531 surplus."
70,ATM-170,atm35000259,BASMANE ŞUBE-2- (ATM-170),Guntur,İsmet Kaptan Mahallesi Fevzipaşa Bulvarı No:123,16.372754,80.348879,80000.0,13510.0,4853.59,1456.08,6309.67,0.0,7200.33,0.0,LOW,LOW,2020-01-07 10:00,,"LOW RISK: Cash reserves (₹13,510) comfortably cover predicted demand (₹4,854) and safety reserve (₹1,456) with ₹7,200 surplus."
71,ATM-171,atm35000260,BUCA DOĞUŞ CADDESİ (ATM-171),Guntur,DOKUZ EYLÜL ÜNİVERSİTESİ TINAZTEPE YERLEŞKESİ KARŞISI DOĞUŞ CADDESİ,16.320151,80.436437,80000.0,41605.0,4739.95,1421.98,6161.93,0.0,35443.07,0.0,LOW,LOW,2020-01-07 10:00,,"LOW RISK: Cash reserves (₹41,605) comfortably cover predicted demand (₹4,740) and safety reserve (₹1,422) with ₹35,443 surplus."
72,ATM-172,atm35000261,ÇANKAYA MİGROS İZMİR (ATM-172),Guntur,İKİÇEŞMELİK CAD. ÇOK KATLI OTOPARK ALTI,16.420174,80.377533,100000.0,11645.0,4797.78,1439.33,6237.11,0.0,5407.89,0.0,LOW,LOW,2020-01-07 10:00,,"LOW RISK: Cash reserves (₹11,645) comfortably cover predicted demand (₹4,798) and safety reserve (₹1,439) with ₹5,408 surplus."
73,ATM-173,atm35000262,EGEPOL HASTANESİ (ATM-173),Guntur,EGEPOL HASTANESİ ÖNÜ,16.279079,80.439103,100000.0,14985.0,4806.99,1442.1,6249.09,0.0,8735.91,0.0,LOW,LOW,2020-01-07 10:00,,"LOW RISK: Cash reserves (₹14,985) comfortably cover predicted demand (₹4,807) and safety reserve (₹1,442) with ₹8,736 surplus."
74,ATM-174,atm35000263,EŞREFPAŞA CAD.DÜKKAN (ATM-174),Guntur,EŞREFPAŞA CD.NO:289 KONAK,16.399884,80.368212,100000.0,19145.0,4719.84,1415.95,6135.79,0.0,13009.21,0.0,LOW,LOW,2020-01-07 10:00,,"LOW RISK: Cash reserves (₹19,145) comfortably cover predicted demand (₹4,720) and safety reserve (₹1,416) with ₹13,009 surplus."
75,ATM-175,atm35000264,GÖZTEPE MİTHATPAŞA CAD. (ATM-175),Guntur,"GOZTEPE MAHALLESİ,40000,0,0,0,0,0,Wednesday,2020-01-01 00:00:00
atm35000265,GÜZELYALI ŞUBE-1,Izmir,Göztepe Mahallesi Mithatpaşa Caddesi A-B Apartmanı No: 907 / 1-2,40000,0,0,0,0,0,Wednesday,2020-01-01 00:00:00
atm35000266,HALİTZİYA ŞUBE-1,Izmir,Akdeniz Mahallesi Mimar Kemalettin Caddesi No: 9 - 9A,40000,0,0,0,0,0,Wednesday,2020-01-01 00:00:00
atm35000267,HALİTZİYA ŞUBE-2,Izmir,Akdeniz Mahallesi Mimar Kemalettin Caddesi No: 9 - 9A,40000,0,0,0,0,0,Wednesday,2020-01-01 00:00:00
atm35000268,HATAY CADDESİ,Izmir,HATAY CD.ŞB CİVARI,40000,0,0,0,0,0,Wednesday,2020-01-01 00:00:00
atm35000269,HATAY İNÖNÜ CAD. DÜKKAN,Izmir,İNÖNÜ CD.HATAY/KONAK,40000,0,0,0,0,0,Wednesday,2020-01-01 00:00:00
atm35000270,HIFZISIHHA İZMİR,Izmir,RAUFBEY APARTMANI 52/18 SK.NO:2 POLİGON KONAK,40000,0,0,0,0,0,Wednesday,2020-01-01 00:00:00
atm35000271,HİLAL İZBAN METRO,Izmir,HİLAL İZBAN METRO KONAK,40000,0,0,0,0,0,Wednesday,2020-01-01 00:00:00
atm35000272,İZMİR EGE PERLA AVM,Izmir,ÇINARLI MAHALLESİ 1583. SK. NO:10,40000,0,0,0,0,0,Wednesday,2020-01-01 00:00:00
atm35000273,İZMİR GOP BULVARI,Izmir,GOP CD.NO:35 KONAK,40000,0,0,0,0,0,Wednesday,2020-01-01 00:00:00
atm35000274,İZMİR MISTRAL AVM,Izmir,ÇINARLI MAHALLESİ ANKARA CD. YANYOLU 28-4,40000,0,0,0,0,0,Wednesday,2020-01-01 00:00:00
atm35000275,İZMİR PARK AVM,Izmir,EŞREFPAŞA CD.NO:408 KONAK,40000,0,0,0,0,0,Wednesday,2020-01-01 00:00:00
atm35000276,İZMİR TİCARİ ŞUBE-1,Izmir,Fevzipaşa Bulvarı No: 1,40000,0,0,0,0,0,Wednesday,2020-01-01 00:00:00
atm35000277,İZMİR TİCARİ ŞUBE-2,Izmir,Fevzipaşa Bulvarı No: 1,40000,0,0,0,0,0,Wednesday,2020-01-01 00:00:00
atm35000278,KARATAŞ MİTHATPAŞA,Izmir,MİTHATPAŞA CD.NO:189/A KARATAŞ,40000,0,0,0,0,0,Wednesday,2020-01-01 00:00:00
atm35000279,KEMERALTI KONAK 928.SOKAK,Izmir,GÜZELYURT MAHALLESİ 928. SK. NO:33,40000,0,0,0,0,0,Wednesday,2020-01-01 00:00:00
atm35000280,KEMERALTI ŞUBE-1,Izmir,AHMETAĞA MAHALLESİ 863 SOKAK NO: 48 / 1 A,40000,0,0,0,0,0,Wednesday,2020-01-01 00:00:00
atm35000281,KEMERALTI ŞUBE-2,Izmir,Ahmetağa Mahallesi 863 Sokak No: 48 / 1 A,40000,0,0,0,0,0,Wednesday,2020-01-01 00:00:00
atm35000282,KIBRIS ŞEHİTLERİ ŞUBE-1,Izmir,Kıbrıs Şehitleri Caddesi 1443 Sokak No: 64,40000,0,0,0,0,0,Wednesday,2020-01-01 00:00:00
atm35000283,KIBRIS ŞEHİTLERİ ŞUBE-2,Izmir,Kıbrıs Şehitleri Caddesi 1443 Sokak No: 64,40000,0,0,0,0,0,Wednesday,2020-01-01 00:00:00
atm35000284,KONAK BAHRİBABA METRO,Izmir,İZMİR KONAK METRO İSTASYONU,40000,0,0,0,0,0,Wednesday,2020-01-01 00:00:00
atm35000285,KONAK GAZİ CADDESİ,Izmir,GAZİ BUL.NO:87-C ÇANKAYA,40000,0,0,0,0,0,Wednesday,2020-01-01 00:00:00
atm35000286,KONAK GÜLTEPE MAHALLESİ,Izmir,SELİMİYE CAD.NO:21/A KONAK,40000,0,0,0,0,0,Wednesday,2020-01-01 00:00:00
atm35000287,KONAK METRO İSTASYONU ATM,Izmir,KONAK METRO İSTASYONU,40000,0,0,0,0,0,Wednesday,2020-01-01 00:00:00
atm35000288,KONAK ŞUBE-1,Izmir,Konak Mahallesi Cumhuriyet Bulvarı No: 20,40000,0,0,0,0,0,Wednesday,2020-01-01 00:00:00
atm35000289,KONAK ŞUBE-2,Izmir,Konak Mahallesi Cumhuriyet Bulvarı No: 20,40000,0,0,0,0,0,Wednesday,2020-01-01 00:00:00
atm35000290,KONAK ŞUBE-3,Izmir,CUMHURİYET BULVARI NO: 20 / A,40000,0,0,0,0,0,Wednesday,2020-01-01 00:00:00
atm35000291,KONAK TELEKOM,Izmir,AKDENİZ MAHALLESİ FEVZİ PAŞA BLV NO:13,40000,0,0,0,0,0,Wednesday,2020-01-01 00:00:00
atm35000292,KONAK YENİŞEHİR TELEKOM,Izmir,GAZİLER CD.NO:359 YENİŞEHİR,40000,0,0,0,0,0,Wednesday,2020-01-01 00:00:00
atm35000293,KORDON ŞUBE-1,Izmir,Kültür Mahallesi Cumhuriyet Bulvarı No:129 / A,40000,0,0,0,0,0,Wednesday,2020-01-01 00:00:00
atm35000294,KORDON ŞUBE-2,Izmir,Kültür Mahallesi Cumhuriyet Bulvarı No:129 / A,40000,0,0,0,0,0,Wednesday,2020-01-01 00:00:00
atm35000295,LOZAN MEYDAN,Izmir,LOZAN PASTANESİ PLEVNE BUL.NO:25 ALSANCAK,40000,0,0,0,0,0,Wednesday,2020-01-01 00:00:00
atm35000296,POLİGON KİPA,Izmir,KIRK SOKAK NO:66,40000,0,0,0,0,0,Wednesday,2020-01-01 00:00:00
atm35000297,SUAT SEREN GÖĞÜS HAST.,Izmir,GAZİLER CD.S.SEREN GÖĞ.HAST.,40000,0,0,0,0,0,Wednesday,2020-01-01 00:00:00
atm35000298,SWISS OTEL,Izmir,KONAK SWISS OTELİ İÇİ,40000,0,0,0,0,0,Wednesday,2020-01-01 00:00:00
atm35000299,TOPTANCILAR ÇARŞISI ŞB-1,Izmir,1202 / 6 Sokak No: 60-62,40000,0,0,0,0,0,Wednesday,2020-01-01 00:00:00
atm35000300,TOPTANCILAR ÇARŞISI ŞB-2,Izmir,1202 / 6 Sokak No: 60-62,40000,0,0,0,0,0,Wednesday,2020-01-01 00:00:00
atm35000301,ÜÇKUYULAR ŞUBE-1-,Izmir,MEHMET ALİ AKMAN MAHALLESİ İNÖNÜ CADDESİ NO: 582 / A,40000,0,0,0,0,0,Wednesday,2020-01-01 00:00:00
atm35000302,ÜÇKUYULAR ŞUBE ÖNÜ,Izmir,Mehmet Ali Akman Mahallesi İnönü Caddesi No: 582 / A,40000,0,0,0,0,0,Wednesday,2020-01-01 00:00:00
atm35000303,ÜÇYOL B.EVLER DÜKKAN,Izmir,İNÖNÜ CAD. SEYYİDEKAMİRAN APT. NO:216/B,40000,0,0,0,0,0,Wednesday,2020-01-01 00:00:00
atm35000304,ÜÇYOL ŞUBE-1,Izmir,Şükrü Saracoğlu Caddesi No:á6 Üçyol,40000,0,0,0,0,0,Wednesday,2020-01-01 00:00:00
atm35000305,ÜÇYOL ŞUBE-2,Izmir,Şükrü Saracoğlu Caddesi No:á6 Üçyol,40000,0,0,0,0,0,Wednesday,2020-01-01 00:00:00
atm35000306,ÜÇYOL ŞUBE-3,Izmir,ŞÜKRÜ SARACOĞLU CADDESİ NO:Á6 ÜÇYOL,40000,0,0,0,0,0,Wednesday,2020-01-01 00:00:00
atm35000307,A. MEND.HVL. İZBAN METRO,Izmir,A. MENDERES HVL. METRO,40000,0,0,0,0,0,Wednesday,2020-01-01 00:00:00
atm35000308,GÜMÜLDÜR/MENDERES,Izmir,FEVZİ ÇAKMAK MAH.PANSİYON SOK.NO:60,40000,0,0,0,0,0,Wednesday,2020-01-01 00:00:00
atm35000309,MENDERES ŞUBE-1,Izmir,Kemalpaşa Mahallesi Atatürk Caddesi No: 12,40000,0,0,0,0,0,Wednesday,2020-01-01 00:00:00
atm35000310,MENDERES ŞUBE-2,Izmir,Kemalpaşa Mahallesi Atatürk Caddesi No: 12,40000,0,0,0,0,0,Wednesday,2020-01-01 00:00:00
atm35000311,ÖZDERE ÇUKURALTI,Izmir,KASIMPAŞA MAHALLESİ OKUL SK. NO:1,40000,0,0,0,0,0,Wednesday,2020-01-01 00:00:00
atm35000312,ERNİŞ PETROL,Izmir,MENEMEN ERNİŞ PETROL ÖNÜ,40000,0,0,0,0,0,Wednesday,2020-01-01 00:00:00
atm35000313,KARABURUN/İZMİR,Izmir,KASIMPAŞA MAHALLESİ ALTUĞ KARABURUN NO:2,40000,0,0,0,0,0,Wednesday,2020-01-01 00:00:00
atm35000314,KASABA AVM MENEMEN,Izmir,YILDIRIM MAHALLESİ ÇANAKKALE ASFALTI-TÜRKELLİ CD. NO:32,40000,0,0,0,0,0,Wednesday,2020-01-01 00:00:00
atm35000315,MENEMEN ESATPAŞA MAH.,Izmir,ESATPAŞA MAH.1211. SOKAK NO:3 KÖYİÇİ,40000,0,0,0,0,0,Wednesday,2020-01-01 00:00:00
atm35000316,MENEMEN KASIMPAŞA MAH.,Izmir,KASIMPAŞA MAHALLESİ ALTUĞ KARABURUN CD. 7 C,40000,0,0,0,0,0,Wednesday,2020-01-01 00:00:00
atm35000317,MENEMEN NOVADA AVM,Izmir,YILDIRIM MAHALLESİ ÇANAKKALE ASFALTI-TÜRKELLİ CD. NO:46,40000,0,0,0,0,0,Wednesday,2020-01-01 00:00:00
atm35000318,MENEMEN ŞUBE-1,Izmir,Mermerli Mahallesi Şehit Aycan Aksoy No: 22 / A,40000,0,0,0,0,0,Wednesday,2020-01-01 00:00:00
atm35000319,MENEMEN ŞUBE-2,Izmir,Mermerli Mahallesi Şehit Aycan Aksoy No: 22 / A,40000,0,0,0,0,0,Wednesday,2020-01-01 00:00:00
atm35000320,MİGROS MM ULUKENT,Izmir,30 AĞUSTOS MAHALLESİ 7118. SK.,40000,0,0,0,0,0,Wednesday,2020-01-01 00:00:00
atm35000321,ULUKENT PAZARYERİ,Izmir,7124 SOK.ULUKENT PAZARYERİ,40000,0,0,0,0,0,Wednesday,2020-01-01 00:00:00
atm35000322,9 EYLÜL ÜNV.KARŞISI,Izmir,9 EYLÜL ÜNV.KARŞISI NARLIDERE,40000,0,0,0,0,0,Wednesday,2020-01-01 00:00:00
atm35000323,GÜN.DEN.S.NARLIDERE S.TES,Izmir,GÜNEY DENİZ SAHA NARLIDERE SOSYAL TESİSLERİ,40000,0,0,0,0,0,Wednesday,2020-01-01 00:00:00
atm35000324,NARLIDERE MİGROS,Izmir,GÜNGÖREN CADDESİ NO:95,40000,0,0,0,0,0,Wednesday,2020-01-01 00:00:00
atm35000325,NARLIDERE MİTHATPAŞA CAD.,Izmir,ÇATALKAYA MAH.MİTHATPAŞA CAD.NO:373/A,40000,0,0,0,0,0,Wednesday,2020-01-01 00:00:00
atm35000326,NARLIDERE ŞUBE-1,Izmir,Yenikale Mahallesi Mithatpaşa Caddesi No: 152 B,40000,0,0,0,0,0,Wednesday,2020-01-01 00:00:00
atm35000327,NARLIDERE ŞUBE-2,Izmir,Yenikale Mahallesi Mithatpaşa Caddesi No: 152 B,40000,0,0,0,0,0,Wednesday,2020-01-01 00:00:00
atm35000328,ÖDEMİŞ 3 EYLÜL PARKI,Izmir,HÜRRİYET CD.TAYYARE PARK,40000,0,0,0,0,0,Wednesday,2020-01-01 00:00:00
atm35000329,ÖDEMİŞ MEYDAN,Izmir,ÖDEMİŞ MEYDANI,40000,0,0,0,0,0,Wednesday,2020-01-01 00:00:00
atm35000330,ÖDEMİŞ ŞUBE,Izmir,Akıncılar Mahallesi Gazi Caddesi No: 36 / A,40000,0,0,0,0,0,Wednesday,2020-01-01 00:00:00
atm35000331,SEFERİHİSAR MİGROS,Izmir,SEFERİHİSAR İLÇE MERKEZİ,40000,0,0,0,0,0,Wednesday,2020-01-01 00:00:00
atm35000332,SEFERİHİSAR ŞUBE-1,Izmir,CAMİKEBİR MAHALLESİ ŞEHİT GENERAL TEMEL CİNGÖZ CADDESİ NO: 2,40000,0,0,0,0,0,Wednesday,2020-01-01 00:00:00
atm35000333,SEFERİHİSAR ŞUBE-2,Izmir,CAMİKEBİR MAHALLESİ ŞEHİT GENERAL TEMEL CİNGÖZ CADDESİ NO:2,40000,0,0,0,0,0,Wednesday,2020-01-01 00:00:00
atm35000334,SEFERİHİSAR ÜRKMEZ,Izmir,ÜRKMEZ MEVKİİ SEFERİHİSAR,40000,0,0,0,0,0,Wednesday,2020-01-01 00:00:00
atm35000335,SIĞACIK BELEDİYE MEYDANI,Izmir,SIĞACIK BELEDİYE MEYDANI SEFERİHİSAR,40000,0,0,0,0,0,Wednesday,2020-01-01 00:00:00
atm35000336,SELÇUK ŞUBE-1,Izmir,İsabey Mahallesi Atatürk Caddesi No:81 / 41,40000,0,0,0,0,0,Wednesday,2020-01-01 00:00:00
atm35000337,SELÇUK ŞUBE-2,Izmir,İsabey Mahallesi Atatürk Caddesi No:81 / 41,40000,0,0,0,0,0,Wednesday,2020-01-01 00:00:00
atm35000338,TİRE CUMHURİYET MEYDANI,Izmir,CUMHURİYET MEYDANI ÖNÜ,40000,0,0,0,0,0,Wednesday,2020-01-01 00:00:00
atm35000339,TİRE PARK AVM,Izmir,FAİK TOĞLUOĞLU BLV. NO:7 35900,40000,0,0,0,0,0,Wednesday,2020-01-01 00:00:00
atm35000340,TİRE ŞUBE-1,Izmir,Yeni Mahallesi Atatürk Caddesi No: 18,40000,0,0,0,0,0,Wednesday,2020-01-01 00:00:00
atm35000341,TİRE ŞUBE-2,Izmir,Yeni Mahallesi Atatürk Caddesi No: 18,40000,0,0,0,0,0,Wednesday,2020-01-01 00:00:00
atm35000342,TİRE TOPLU KONUTLAR,Izmir,YENİ MAHALLESİ İNÖNÜ BLV. NO:1,40000,0,0,0,0,0,Wednesday,2020-01-01 00:00:00
atm35000343,AYRANCILAR/İZMİR ŞUBE-1,Izmir,İnönü Mahallesi 130/1 Sokak No: 3 / A Ayrancılar,40000,0,0,0,0,0,Wednesday,2020-01-01 00:00:00
atm35000344,AYRANCILAR/İZMİR ŞUBE-2,Izmir,İnönü Mahallesi 130/1 Sokak No: 3 / A Ayrancılar,40000,0,0,0,0,0,Wednesday,2020-01-01 00:00:00
atm35000345,AYRANCILAR / İZMİR ŞUBE-3,Izmir,İnönü Mahallesi 130/1 Sokak No: 3 / A Ayrancılar,40000,0,0,0,0,0,Wednesday,2020-01-01 00:00:00
atm35000346,KİPA TORBALI,Izmir,TORBALI MAHALLESİ KİPA,40000,0,0,0,0,0,Wednesday,2020-01-01 00:00:00
atm35000347,KİPA TORBALI DEPO,Izmir,TORBALI KİPA DEPO ÖNÜ.,40000,0,0,0,0,0,Wednesday,2020-01-01 00:00:00
atm35000348,PHİLİP MORİS TORBALI,Izmir,YEDİ EYLÜL MAHALLESİ PHİLSA CD. NO:32,40000,0,0,0,0,0,Wednesday,2020-01-01 00:00:00
atm35000349,SUN TEKSTİL TORBALI,Izmir,YEDİ EYLÜL MAH.EKOTEN CD.NO:29,40000,0,0,0,0,0,Wednesday,2020-01-01 00:00:00
atm35000350,TORBALI KAZIM DİRİK CAD.,Izmir,TEPEKÖY MAHALLESİ KAZIM DİRİK CADDESİ NO:16,40000,0,0,0,0,0,Wednesday,2020-01-01 00:00:00
atm35000351,TORBALI MEYDAN,Izmir,ERTUĞRUL MAH.3002. SK. NO:2,40000,0,0,0,0,0,Wednesday,2020-01-01 00:00:00
atm35000352,TORBALI SADIK İLERİ BULV.,Izmir,ERTUĞRUL MAHALLESİ SADIK İLERİ BLV. NO:34,40000,0,0,0,0,0,Wednesday,2020-01-01 00:00:00
atm35000353,TORBALI ŞUBE-1,Izmir,Tepeköy Mahallesi Ağalar Caddesi No: 10 / A,40000,0,0,0,0,0,Wednesday,2020-01-01 00:00:00
atm35000354,TORBALI ŞUBE-2,Izmir,Tepeköy Mahallesi Ağalar Caddesi No: 10 / A,40000,0,0,0,0,0,Wednesday,2020-01-01 00:00:00
atm35000355,URLA İSKELE,Izmir,URLA İSKELE,40000,0,0,0,0,0,Wednesday,2020-01-01 00:00:00
atm35000356,URLA MEYDAN AVM ÖNÜ,Izmir,HACİ İSA MAHALLESİ BARATALI BULVARI NO:40/71 AVM ÖNÜ,40000,0,0,0,0,0,Wednesday,2020-01-01 00:00:00
atm35000357,URLA ŞUBE-1,Izmir,Hacı İsa Mahallesi Bülent Baratalı Bulvarı No: 74,40000,0,0,0,0,0,Wednesday,2020-01-01 00:00:00
atm35000358,URLA ŞUBE-2,Izmir,Hacı İsa Mahallesi Bülent Baratalı Bulvarı No: 74,40000,0,0,0,0,0,Wednesday,2020-01-01 00:00:00
atm350000,ALİAĞA BAĞLI ŞB,Izmir,Aliağa Petkim Tesisleri,40485,15,7,990,505,22,Wednesday,2020-01-01 01:00:00
atm350001,ALİAĞA İSTİKLAL CADDESİ,Izmir,ATATÜRK İSTİKLAL CD. NO:97,39895,12,12,580,685,24,Wednesday,2020-01-01 01:00:00
atm350002,ALİAĞA PAZARYERİ,Izmir,ALİAĞA KAPALI PAZAR GİRİŞİ,39700,1,8,200,500,9,Wednesday,2020-01-01 01:00:00
atm350003,ALİAĞA SAHİL PARKI,Izmir,ALİAĞA HİKMET CD.SAHİL PARKI ÖNÜ,39385,2,9,200,815,11,Wednesday,2020-01-01 01:00:00
atm350004,ALİAĞA ŞUBE-1,Izmir,İstiklal Caddesi No: 64 / A,40515,15,6,890,375,21,Wednesday,2020-01-01 01:00:00
atm350005,ALİAĞA ŞUBE-2,Izmir,İstiklal Caddesi No: 64 / A,40320,12,1,420,100,13,Wednesday,2020-01-01 01:00:00
atm350006,ALİAĞA ŞUBE-3,Izmir,ALİAĞA PETKİM TESİSLERİ 35801,40380,15,10,1045,665,25,Wednesday,2020-01-01 01:00:00
atm350007,ALİAĞA TELEKOM,Izmir,KAZIM DİRİK MAHALLESİ PTT - ALİAĞA ŞB.,41225,16,4,1265,40,20,Wednesday,2020-01-01 01:00:00
atm350008,STAR RAFİNERİ ALİAĞA,Izmir,ATATÜRK AYGAZ CD. 42-1,40125,6,2,375,250,8,Wednesday,2020-01-01 01:00:00
atm350009,VİKİNG KAĞIT ALİAĞA,Izmir,HÜRRİYET CAD.NO:474 ALİAĞA,39355,4,17,95,740,21,Wednesday,2020-01-01 01:00:00
atm3500010,AGORA AVM/BALÇOVA,Izmir,MİTHATPAŞA CAD.NO:1448/A BALÇOVA,38835,87,87,5790,6955,174,Wednesday,2020-01-01 01:00:00
atm3500011,ATA CADDESİ/İZMİR,Izmir,ATA CAD.BELEDİYE CİVARI,39930,14,16,790,860,30,Wednesday,2020-01-01 01:00:00
atm3500012,BALÇOVA NOVADA-1,Izmir,AYDIN ÇEŞME OTOYOLU LİMONTEPE MEVKİİ PETROL OFİSİ,39290,7,16,180,890,23,Wednesday,2020-01-01 01:00:00
atm3500013,BALÇOVA SAKARYA CADDESİ,Izmir,FEVZİ ÇAKMAK MH.SAKARYA CD.NO:58/B,39165,0,14,0,835,14,Wednesday,2020-01-01 01:00:00
atm3500014,BALÇOVA ŞUBE-1,Izmir,Ata Caddesi No: 2-2 / A,40710,16,9,1160,450,25,Wednesday,2020-01-01 01:00:00
atm3500015,BALÇOVA ŞUBE-2,Izmir,Ata Caddesi No: 2-2 / A,39310,1,11,20,710,12,Wednesday,2020-01-01 01:00:00
atm3500016,KİPA BALÇOVA-1,Izmir,MİTHATPAŞA CAD. NO:1462,40335,20,14,1005,670,34,Wednesday,2020-01-01 01:00:00
atm3500017,KİPA BALÇOVA-2,Izmir,MİTHATPAŞA CD.NO:1462 KİPA AVM,40510,18,19,1740,1230,37,Wednesday,2020-01-01 01:00:00
atm3500018,ÖZDİLEK BALÇOVA,Izmir,ÖZDİLEK BALÇOVA AVM,38205,2,20,105,1900,22,Wednesday,2020-01-01 01:00:00
atm3500019,BAYINDIR BELEDİYESİ,Izmir,MİTHATPAŞA MAHALLESİ ATATÜRK CD. NO:32,39185,4,17,290,1105,21,Wednesday,2020-01-01 01:00:00
atm3500020,BAYRAKLI 1916 SOKAK,Izmir,BAYRAKLI MAHALLESİ CEYLAN APT.,40315,6,0,315,0,6,Wednesday,2020-01-01 01:00:00
atm3500021,BAYRAKLI ÇAY MAHALLESİ,Izmir,BAYRAKLI HAKAN UYSAL CADDESİ,39340,14,15,690,1350,29,Wednesday,2020-01-01 01:00:00
atm3500022,BAYRAKLI İZBAN METRO İST.,Izmir,İZMİR BAYRAKLI METRO İSTASYON,40400,17,6,745,345,23,Wednesday,2020-01-01 01:00:00
atm3500023,BAYRAKLI ŞUBE-1,Izmir,Ord. Prof. Dr. Ekrem Akurgal Caddesi No: 18 / A,39095,2,16,250,1155,18,Wednesday,2020-01-01 01:00:00
atm3500024,BAYRAKLI ŞUBE-2,Izmir,Ord. Prof. Dr. Ekrem Akurgal Caddesi No: 18 / A,40940,13,4,1065,125,17,Wednesday,2020-01-01 01:00:00
atm3500025,BAYRAKLI ŞUBE-3,Izmir,Ord. Prof. Dr. Ekrem Akurgal Caddesi No: 18 / A,39960,1,2,20,60,3,Wednesday,2020-01-01 01:00:00
atm3500026,BAYRAKLI YAMANLAR MAH.,Izmir,YAMANLAR MAHALLESİ KUBİLAY CD. 271 B,40015,15,19,1225,1210,34,Wednesday,2020-01-01 01:00:00
atm3500027,GÜMÜŞPALA BAYRAKLI/İZMİR,Izmir,GÜMÜŞPALA/İZMİR,39615,6,12,270,655,18,Wednesday,2020-01-01 01:00:00
atm3500028,MANAVKUYU SAKARYA CAD.,Izmir,MANAVKUYU SAKARYA CD.NO:52,39950,9,12,530,580,21,Wednesday,2020-01-01 01:00:00
atm3500029,MANAVKUYU ŞUBE-1,Izmir,Çınarlı Mahallesi İslam Kerimov Caddesi No: 18,40345,19,17,1720,1375,36,Wednesday,2020-01-01 01:00:00
atm3500030,MANAVKUYU ŞUBE-2,Izmir,ÇINARLI MAHALLESİ İSLAM KERİMOV CADDESİ NO: 18,39285,2,16,25,740,18,Wednesday,2020-01-01 01:00:00
atm3500031,OSMANGAZİ YAVUZ CADDESİ,Izmir,OSMANGAZİ YAVUZ CADDESİ,40420,7,1,470,50,8,Wednesday,2020-01-01 01:00:00
atm3500032,ÖZKANLAR ŞUBE-1,Izmir,MUSTAFA KEMAL CADDESİ NO: 150,39350,6,17,155,805,23,Wednesday,2020-01-01 01:00:00
atm3500033,ÖZKANLAR ŞUBE-3,Izmir,Mustafa Kemal Caddesi No: 150,39765,16,11,550,785,27,Wednesday,2020-01-01 01:00:00
atm3500034,ÖZKANLAR ŞUBE-4,Izmir,Mustafa Kemal Caddesi No: 150,38450,4,19,110,1660,23,Wednesday,2020-01-01 01:00:00
atm3500035,WESTPARK OUTLET CENTER,Izmir,R. ŞEVKET İNCE MAH.2148/9 SOKAK NO:4",16.360452,80.431316,120000.0,12110.0,4819.0,1445.7,6264.7,0.0,5845.3,0.0,LOW,LOW,2020-01-07 10:00,,"LOW RISK: Cash reserves (₹12,110) comfortably cover predicted demand (₹4,819) and safety reserve (₹1,446) with ₹5,845 surplus."
76,ATM-176,atm3500036,BERGAMA ATATÜRK BULVARI (ATM-176),Guntur,MALTEPE MH.ATATÜRK BUL.BERGAMA,16.333314,80.312916,120000.0,14175.0,4741.56,1422.47,6164.03,0.0,8010.97,0.0,LOW,LOW,2020-01-07 10:00,,"LOW RISK: Cash reserves (₹14,175) comfortably cover predicted demand (₹4,742) and safety reserve (₹1,422) with ₹8,011 surplus."
77,ATM-177,atm3500037,BERGAMA İNKİLAP MAHALLESİ (ATM-177),Guntur,BARBAROS BANKALAR CD. 32/A,16.363992,80.420096,200000.0,17485.0,4683.48,1405.04,6088.52,0.0,11396.48,0.0,LOW,LOW,2020-01-07 10:00,,"LOW RISK: Cash reserves (₹17,485) comfortably cover predicted demand (₹4,683) and safety reserve (₹1,405) with ₹11,396 surplus."
78,ATM-178,atm3500038,BERGAMA MEYDAN (ATM-178),Guntur,CUMHURİYET CAD.NO:67,16.218114,80.444248,100000.0,5910.0,4800.6,1440.18,6240.78,330.78,0.0,5.3,MEDIUM,MEDIUM,2020-01-07 10:00,120.0,MEDIUM RISK: Minor cash deficit of ₹331 against projected demand + 30% reserve buffer.
79,ATM-179,atm3500039,BERGAMA ŞUBE-1 (ATM-179),Guntur,Ertuğrul Mahallesi Kaymakam Kemal Bey Caddesi No: 4 A,16.349684,80.42758,200000.0,36040.0,4753.78,1426.13,6179.91,0.0,29860.09,0.0,LOW,LOW,2020-01-07 10:00,,"LOW RISK: Cash reserves (₹36,040) comfortably cover predicted demand (₹4,754) and safety reserve (₹1,426) with ₹29,860 surplus."
80,ATM-180,atm3500040,BERGAMA ŞUBE-2 (ATM-180),Guntur,Ertuğrul Mahallesi Kaymakam Kemal Bey Caddesi No: 4 A,16.397613,80.474664,120000.0,17070.0,4814.27,1444.28,6258.55,0.0,10811.45,0.0,LOW,LOW,2020-01-07 10:00,,"LOW RISK: Cash reserves (₹17,070) comfortably cover predicted demand (₹4,814) and safety reserve (₹1,444) with ₹10,811 surplus."
81,ATM-181,atm3500041,2.SANAYİ SİTESİ ŞB-1 (ATM-181),Guntur,Kazımdirik Mahallesi 351 Sokak No: 3 B,16.294386,80.429002,200000.0,26835.0,4768.16,1430.45,6198.61,0.0,20636.39,0.0,LOW,LOW,2020-01-07 10:00,,"LOW RISK: Cash reserves (₹26,835) comfortably cover predicted demand (₹4,768) and safety reserve (₹1,430) with ₹20,636 surplus."
82,ATM-182,atm3500042,2.SANAYİ SİTESİ ŞB-2 (ATM-182),Guntur,Kazımdirik Mahallesi 351 Sokak No: 3 B,16.188319,80.412065,80000.0,22340.0,4890.53,1467.16,6357.69,0.0,15982.31,0.0,LOW,LOW,2020-01-07 10:00,,"LOW RISK: Cash reserves (₹22,340) comfortably cover predicted demand (₹4,891) and safety reserve (₹1,467) with ₹15,982 surplus."
83,ATM-183,atm3500043,4.SANAYİ SİTESİ ŞUBE-1 (ATM-183),Guntur,4. Sanayi Sitesi 129. Sokak No: 1 / C,16.416888,80.49972,100000.0,5000.0,4737.23,1421.17,6158.4,1158.4,0.0,18.8,MEDIUM,MEDIUM,2020-01-07 10:00,120.0,"MEDIUM RISK: Minor cash deficit of ₹1,158 against projected demand + 30% reserve buffer."
84,ATM-184,atm3500044,4.SANAYİ SİTESİ ŞUBE-2 (ATM-184),Guntur,4. Sanayi Sitesi 129. Sokak No: 1 / C,16.320958,80.443259,100000.0,5000.0,4770.13,1431.04,6201.17,1201.17,0.0,19.4,MEDIUM,MEDIUM,2020-01-07 10:00,120.0,"MEDIUM RISK: Minor cash deficit of ₹1,201 against projected demand + 30% reserve buffer."
85,ATM-185,atm3500045,ALTINDAĞ ŞUBE-1 (ATM-185),Guntur,Kemalpaşa Caddesi No: 56 Altındağ,16.359945,80.415176,200000.0,12085.0,4789.7,1436.91,6226.61,0.0,5858.39,0.0,LOW,LOW,2020-01-07 10:00,,"LOW RISK: Cash reserves (₹12,085) comfortably cover predicted demand (₹4,790) and safety reserve (₹1,437) with ₹5,858 surplus."
86,ATM-186,atm3500046,ALTINDAĞ ŞUBE-2 (ATM-186),Guntur,Kemalpaşa Caddesi No: 56 Altındağ,16.275541,80.41458,200000.0,31065.0,4839.85,1451.96,6291.81,0.0,24773.19,0.0,LOW,LOW,2020-01-07 10:00,,"LOW RISK: Cash reserves (₹31,065) comfortably cover predicted demand (₹4,840) and safety reserve (₹1,452) with ₹24,773 surplus."
87,ATM-187,atm3500047,BAYRAKLI FOLKART TOWERS (ATM-187),Guntur,BAYRAKLI ADALET MH.MANAS BUL.NO:47 BAYRAKLI,16.297176,80.42142,200000.0,21135.0,4770.87,1431.26,6202.13,0.0,14932.87,0.0,LOW,LOW,2020-01-07 10:00,,"LOW RISK: Cash reserves (₹21,135) comfortably cover predicted demand (₹4,771) and safety reserve (₹1,431) with ₹14,933 surplus."
88,ATM-188,atm3500048,BOLİVA BORNOVA (ATM-188),Guntur,İST CD.NO:4 ERZENE MH.BORNOVA,16.372479,80.406692,100000.0,27490.0,4898.68,1469.6,6368.28,0.0,21121.72,0.0,LOW,LOW,2020-01-07 10:00,,"LOW RISK: Cash reserves (₹27,490) comfortably cover predicted demand (₹4,899) and safety reserve (₹1,470) with ₹21,122 surplus."
89,ATM-189,atm3500049,BORNOVA EVKA-4 (ATM-189),Guntur,BORNOVA EVKA-4 SİTESİ,16.271433,80.522622,120000.0,19510.0,4875.74,1462.72,6338.46,0.0,13171.54,0.0,LOW,LOW,2020-01-07 10:00,,"LOW RISK: Cash reserves (₹19,510) comfortably cover predicted demand (₹4,876) and safety reserve (₹1,463) with ₹13,172 surplus."
90,ATM-190,atm3500050,BORNOVA KAMİL TUNCA CAD. (ATM-190),Guntur,BORNOVA KAMİL TUNCA CD.,16.280218,80.385023,120000.0,25250.0,4839.93,1451.98,6291.91,0.0,18958.09,0.0,LOW,LOW,2020-01-07 10:00,,"LOW RISK: Cash reserves (₹25,250) comfortably cover predicted demand (₹4,840) and safety reserve (₹1,452) with ₹18,958 surplus."
91,ATM-191,atm3500051,BORNOVA KAZIM K.BEKİR CAD (ATM-191),Guntur,ERZENE MAH.KAZIM KARABEKİR CAD.NO:46/B,16.364114,80.407898,80000.0,26620.0,4836.16,1450.85,6287.01,0.0,20332.99,0.0,LOW,LOW,2020-01-07 10:00,,"LOW RISK: Cash reserves (₹26,620) comfortably cover predicted demand (₹4,836) and safety reserve (₹1,451) with ₹20,333 surplus."
92,ATM-192,atm3500052,BORNOVA KİPA (ATM-192),Guntur,KİPA ALIŞVERİŞ MERKEZİ NO:180,16.30065,80.430493,200000.0,38960.0,4770.82,1431.25,6202.07,0.0,32757.93,0.0,LOW,LOW,2020-01-07 10:00,,"LOW RISK: Cash reserves (₹38,960) comfortably cover predicted demand (₹4,771) and safety reserve (₹1,431) with ₹32,758 surplus."
93,ATM-193,atm3500053,BORNOVA MERKEZ MİGROS (ATM-193),Guntur,GENÇLİK CAD.80.SOK.NO:16,16.423302,80.496739,100000.0,10325.0,4764.75,1429.42,6194.18,0.0,4130.82,0.0,LOW,LOW,2020-01-07 10:00,,"LOW RISK: Cash reserves (₹10,325) comfortably cover predicted demand (₹4,765) and safety reserve (₹1,429) with ₹4,131 surplus."
94,ATM-194,atm3500054,BORNOVA METRO (ATM-194),Guntur,NO: KAZIMDİRİK MAHALLESİ ANKARA CD. YANYOLU,16.353586,80.490157,120000.0,7390.0,4897.32,1469.2,6366.52,0.0,1023.48,0.0,LOW,LOW,2020-01-07 10:00,,"LOW RISK: Cash reserves (₹7,390) comfortably cover predicted demand (₹4,897) and safety reserve (₹1,469) with ₹1,023 surplus."
95,ATM-195,atm3500055,BORNOVA MUSTAFA KEMAL CAD (ATM-195),Guntur,BORNOVA MUSTAFA KEMAL CAD.,16.390842,80.353414,120000.0,5000.0,4762.79,1428.84,6191.63,1191.63,0.0,19.2,MEDIUM,MEDIUM,2020-01-07 10:00,120.0,"MEDIUM RISK: Minor cash deficit of ₹1,192 against projected demand + 30% reserve buffer."
96,ATM-196,atm3500056,BORNOVA MYVİA AVM ÖNÜ (ATM-196),Guntur,KAZIMDİRİK MAHALLESİ SANAYİ CADDESİ NO:31 Z:6 MYVİA 414,16.267475,80.453223,200000.0,29610.0,5878.4,1763.52,7641.92,0.0,21968.08,0.0,LOW,LOW,2020-01-07 10:00,,"LOW RISK: Cash reserves (₹29,610) comfortably cover predicted demand (₹5,878) and safety reserve (₹1,764) with ₹21,968 surplus."
97,ATM-197,atm3500057,BORNOVA ŞUBE-1 (ATM-197),Guntur,Erzene Mahallesi 2 Sokak No: 7 / A,16.234876,80.373251,200000.0,5000.0,4788.99,1436.7,6225.69,1225.69,0.0,19.7,MEDIUM,MEDIUM,2020-01-07 10:00,120.0,"MEDIUM RISK: Minor cash deficit of ₹1,226 against projected demand + 30% reserve buffer."
98,ATM-198,atm3500058,BORNOVA ŞUBE-2 (ATM-198),Guntur,Erzene Mahallesi 2 Sokak No: 7 / A,16.310045,80.42873,120000.0,29245.0,4788.75,1436.62,6225.38,0.0,23019.62,0.0,LOW,LOW,2020-01-07 10:00,,"LOW RISK: Cash reserves (₹29,245) comfortably cover predicted demand (₹4,789) and safety reserve (₹1,437) with ₹23,020 surplus."
99,ATM-199,atm3500059,BORNOVA ŞUBE-3 (ATM-199),Guntur,Erzene Mahallesi 2 Sokak No: 7 / A,16.403924,80.513645,100000.0,20210.0,4874.02,1462.21,6336.23,0.0,13873.77,0.0,LOW,LOW,2020-01-07 10:00,,"LOW RISK: Cash reserves (₹20,210) comfortably cover predicted demand (₹4,874) and safety reserve (₹1,462) with ₹13,874 surplus."
100,ATM-200,atm3500060,ÇAMDİBİ/BORNOVA (ATM-200),Guntur,ÇAMDİBİ KATLI PAZARYERİ,16.337358,80.409977,200000.0,9615.0,4853.67,1456.1,6309.77,0.0,3305.23,0.0,LOW,LOW,2020-01-07 10:00,,"LOW RISK: Cash reserves (₹9,615) comfortably cover predicted demand (₹4,854) and safety reserve (₹1,456) with ₹3,305 surplus."
101,ATM-201,atm3500061,ÇAMDİBİ/İZMİR (ATM-201),Guntur,"ÇAMDİBİ MAHALLESİ,39750,7,13,780,1030,20,Wednesday,2020-01-01 01:00:00
atm3500062,ÇAMDİBİ BURAK REİS CD.,Izmir,ÇAMDİBİ BURAK REİS CADDESİ,39580,14,18,875,1295,32,Wednesday,2020-01-01 01:00:00
atm3500063,ÇAMDİBİ PAZARYERİ 2.ATM,Izmir,YEŞİLOVA ÇAMDİBİ PAZARYERİ - 2,40725,15,6,1135,410,21,Wednesday,2020-01-01 01:00:00
atm3500064,ÇİMENTAŞ,Izmir,PINARBAŞI ÇİMENTAŞ FAB.ÖNÜ,40295,19,5,805,510,24,Wednesday,2020-01-01 01:00:00
atm3500065,EGE ÜNİV.TIP FAK.ŞB YANI,Izmir,KAZIMDİRİK MAHALLESİ",16.301469,80.463454,100000.0,12790.0,4839.31,1451.79,6291.1,0.0,6498.9,0.0,LOW,LOW,2020-01-07 10:00,,"LOW RISK: Cash reserves (₹12,790) comfortably cover predicted demand (₹4,839) and safety reserve (₹1,452) with ₹6,499 surplus."
102,ATM-202,atm3500066,EGE ÜNV.ŞB-2 (ATM-202),Guntur,Ege Üniversitesi Şubesi Mediko Binası Arkası Kampüs,16.334231,80.53208,120000.0,13035.0,4786.37,1435.91,6222.28,0.0,6812.72,0.0,LOW,LOW,2020-01-07 10:00,,"LOW RISK: Cash reserves (₹13,035) comfortably cover predicted demand (₹4,786) and safety reserve (₹1,436) with ₹6,813 surplus."
103,ATM-203,atm3500067,EGE ÜNV.TIP (ATM-203),Guntur,EGE ÜNİVERSİTESİ,16.30621,80.509001,80000.0,23130.0,4733.75,1420.12,6153.88,0.0,16976.12,0.0,LOW,LOW,2020-01-07 10:00,,"LOW RISK: Cash reserves (₹23,130) comfortably cover predicted demand (₹4,734) and safety reserve (₹1,420) with ₹16,976 surplus."
104,ATM-204,atm3500068,ERGENE MH.457.SK (ATM-204),Guntur,ERGENE MAHALLESİ MEHMET İNCE SİTESİ,16.290204,80.445452,120000.0,24245.0,4869.77,1460.93,6330.7,0.0,17914.3,0.0,LOW,LOW,2020-01-07 10:00,,"LOW RISK: Cash reserves (₹24,245) comfortably cover predicted demand (₹4,870) and safety reserve (₹1,461) with ₹17,914 surplus."
105,ATM-205,atm3500069,EVKA-3 PROF.SİTESİ (ATM-205),Guntur,EVKA-3 PROFESÖRLER SİTESİ,16.30036,80.447904,100000.0,30565.0,4855.6,1456.68,6312.28,0.0,24252.72,0.0,LOW,LOW,2020-01-07 10:00,,"LOW RISK: Cash reserves (₹30,565) comfortably cover predicted demand (₹4,856) and safety reserve (₹1,457) with ₹24,253 surplus."
106,ATM-206,atm3500070,HALKAPINAR METRO (ATM-206),Guntur,HALKAPINAR METRO İSTASYONU,16.300258,80.525688,150000.0,30520.0,4962.96,1488.89,6451.85,0.0,24068.15,0.0,LOW,LOW,2020-01-07 10:00,,"LOW RISK: Cash reserves (₹30,520) comfortably cover predicted demand (₹4,963) and safety reserve (₹1,489) with ₹24,068 surplus."
107,ATM-207,atm3500071,HAŞİM İŞCAN CADDESİ (ATM-207),Guntur,BAYRAKLI HAŞİM İŞCAN CADDESİ,16.239042,80.470932,80000.0,28330.0,4816.87,1445.06,6261.93,0.0,22068.07,0.0,LOW,LOW,2020-01-07 10:00,,"LOW RISK: Cash reserves (₹28,330) comfortably cover predicted demand (₹4,817) and safety reserve (₹1,445) with ₹22,068 surplus."
108,ATM-208,atm3500072,IŞIKKENT ŞUBE-1 (ATM-208),Guntur,6118 Sokak No: 30 Işıkkent Ayakkabıcılar Sitesi Kat: 1 Işıkkent,16.326475,80.42909,100000.0,11940.0,4888.15,1466.44,6354.59,0.0,5585.41,0.0,LOW,LOW,2020-01-07 10:00,,"LOW RISK: Cash reserves (₹11,940) comfortably cover predicted demand (₹4,888) and safety reserve (₹1,466) with ₹5,585 surplus."
109,ATM-209,atm3500073,IŞIKKENT ŞUBE-2 (ATM-209),Guntur,6118 Sokak No: 30 Işıkkent Ayakkabıcılar Sitesi Kat: 1 Işıkkent,16.344484,80.369546,200000.0,34290.0,4751.57,1425.47,6177.04,0.0,28112.96,0.0,LOW,LOW,2020-01-07 10:00,,"LOW RISK: Cash reserves (₹34,290) comfortably cover predicted demand (₹4,752) and safety reserve (₹1,425) with ₹28,113 surplus."
110,ATM-210,atm3500074,İZMİR IKEA (ATM-210),Guntur,IKEA MAĞAZASI İÇİ,16.238518,80.470045,80000.0,34185.0,4773.27,1431.98,6205.25,0.0,27979.75,0.0,LOW,LOW,2020-01-07 10:00,,"LOW RISK: Cash reserves (₹34,185) comfortably cover predicted demand (₹4,773) and safety reserve (₹1,432) with ₹27,980 surplus."
111,ATM-211,atm3500075,KARA NAKLİYECİLER SİTESİ (ATM-211),Guntur,IŞIKKENT EGEMENLİK MAH.6108 SK NO:51/96 BORNOVA,16.34314,80.408542,80000.0,9115.0,4760.06,1428.02,6188.08,0.0,2926.92,0.0,LOW,LOW,2020-01-07 10:00,,"LOW RISK: Cash reserves (₹9,115) comfortably cover predicted demand (₹4,760) and safety reserve (₹1,428) with ₹2,927 surplus."
112,ATM-212,atm3500076,KIDS MALL AVM (ATM-212),Guntur,KAZIM DİRİK MH.372.SOK.BORNOVA,16.336029,80.555755,100000.0,18920.0,5727.91,1718.37,7446.28,0.0,11473.72,0.0,LOW,LOW,2020-01-07 10:00,,"LOW RISK: Cash reserves (₹18,920) comfortably cover predicted demand (₹5,728) and safety reserve (₹1,718) with ₹11,474 surplus."
113,ATM-213,atm3500077,KÜÇÜKPARK BORNOVA-1 (ATM-213),Guntur,ANKARA CAD.NO:255,16.25242,80.510673,200000.0,5650.0,4831.54,1449.46,6281.0,631.0,0.0,10.0,MEDIUM,MEDIUM,2020-01-07 10:00,120.0,MEDIUM RISK: Minor cash deficit of ₹631 against projected demand + 30% reserve buffer.
114,ATM-214,atm3500078,KÜÇÜKPARK BORNOVA-2 (ATM-214),Guntur,ANKARA CAD.NO:255,16.209923,80.503758,200000.0,21145.0,4772.33,1431.7,6204.03,0.0,14940.97,0.0,LOW,LOW,2020-01-07 10:00,,"LOW RISK: Cash reserves (₹21,145) comfortably cover predicted demand (₹4,772) and safety reserve (₹1,432) with ₹14,941 surplus."
115,ATM-215,atm3500079,MUSTAFA KEMAL CD.MİGROS (ATM-215),Guntur,M.KEMAL CD. MİGROS ÖNÜ,16.395759,80.38978,100000.0,36695.0,4862.77,1458.83,6321.6,0.0,30373.4,0.0,LOW,LOW,2020-01-07 10:00,,"LOW RISK: Cash reserves (₹36,695) comfortably cover predicted demand (₹4,863) and safety reserve (₹1,459) with ₹30,373 surplus."
116,ATM-216,atm3500080,OTOGAR (ATM-216),Guntur,IŞIKKENT MAHALLESİ OTOGAR ÖNÜ,16.419349,80.418821,100000.0,18095.0,4777.29,1433.19,6210.48,0.0,11884.52,0.0,LOW,LOW,2020-01-07 10:00,,"LOW RISK: Cash reserves (₹18,095) comfortably cover predicted demand (₹4,777) and safety reserve (₹1,433) with ₹11,885 surplus."
117,ATM-217,atm3500081,ÖZKANLAR METRO İSTASYONU (ATM-217),Guntur,ÖZKANLAR METRO İSTASYONU BORNOVA İZMİR,16.421291,80.455246,120000.0,8505.0,4771.2,1431.36,6202.56,0.0,2302.44,0.0,LOW,LOW,2020-01-07 10:00,,"LOW RISK: Cash reserves (₹8,505) comfortably cover predicted demand (₹4,771) and safety reserve (₹1,431) with ₹2,302 surplus."
118,ATM-218,atm3500082,ÖZKANLAR ŞUBE CİVARI (ATM-218),Guntur,G.BANKASI ÖZKANLAR ŞB CİVARI,16.218489,80.493448,100000.0,34825.0,4726.78,1418.03,6144.81,0.0,28680.19,0.0,LOW,LOW,2020-01-07 10:00,,"LOW RISK: Cash reserves (₹34,825) comfortably cover predicted demand (₹4,727) and safety reserve (₹1,418) with ₹28,680 surplus."
119,ATM-219,atm3500083,PARK BORNOVA AVM (ATM-219),Guntur,İZMİR PARK İÇİ,16.316039,80.395828,80000.0,5890.0,5650.47,1695.14,7345.61,1455.61,0.0,19.8,MEDIUM,MEDIUM,2020-01-07 10:00,120.0,"MEDIUM RISK: Minor cash deficit of ₹1,456 against projected demand + 30% reserve buffer."
120,ATM-220,atm3500084,PINARBAŞI ŞUBE-1 (ATM-220),Guntur,Pınar Caddesi No: 93 Pınarbaşı,16.359519,80.450161,150000.0,6650.0,4794.29,1438.29,6232.58,0.0,417.42,0.0,LOW,LOW,2020-01-07 10:00,,"LOW RISK: Cash reserves (₹6,650) comfortably cover predicted demand (₹4,794) and safety reserve (₹1,438) with ₹417 surplus."
121,ATM-221,atm3500085,PINARBAŞI ŞUBE-2 (ATM-221),Guntur,Pınar Caddesi No: 93 Pınarbaşı,16.320782,80.403501,150000.0,16525.0,4763.14,1428.94,6192.08,0.0,10332.92,0.0,LOW,LOW,2020-01-07 10:00,,"LOW RISK: Cash reserves (₹16,525) comfortably cover predicted demand (₹4,763) and safety reserve (₹1,429) with ₹10,333 surplus."
122,ATM-222,atm3500086,PINAR SÜT OTOPARK (ATM-222),Guntur,KEMALPAŞA ASFALTI NO:1 PINARBAŞI,16.328297,80.389096,100000.0,17250.0,4824.95,1447.48,6272.43,0.0,10977.57,0.0,LOW,LOW,2020-01-07 10:00,,"LOW RISK: Cash reserves (₹17,250) comfortably cover predicted demand (₹4,825) and safety reserve (₹1,447) with ₹10,978 surplus."
123,ATM-223,atm3500087,POINT BORNOVA AVM (ATM-223),Guntur,4174 SK.NO:4 BAĞBURNU MEVKİİ,16.288102,80.405951,150000.0,13660.0,5875.75,1762.72,7638.48,0.0,6021.52,0.0,LOW,LOW,2020-01-07 10:00,,"LOW RISK: Cash reserves (₹13,660) comfortably cover predicted demand (₹5,876) and safety reserve (₹1,763) with ₹6,022 surplus."
124,ATM-224,atm3500088,VOSMER OTOMOTİV (ATM-224),Guntur,MEVLANA MAHALLESİ İZMİR-AYDIN OTOYOLU YANYOLU,16.338114,80.399069,120000.0,13825.0,4782.95,1434.88,6217.84,0.0,7607.16,0.0,LOW,LOW,2020-01-07 10:00,,"LOW RISK: Cash reserves (₹13,825) comfortably cover predicted demand (₹4,783) and safety reserve (₹1,435) with ₹7,607 surplus."
125,ATM-225,atm3500089,YAŞAR ÜNV.BORNOVA (ATM-225),Guntur,YAŞAR ÜNV./BORNOVA,16.256241,80.433389,200000.0,36175.0,4792.52,1437.76,6230.28,0.0,29944.72,0.0,LOW,LOW,2020-01-07 10:00,,"LOW RISK: Cash reserves (₹36,175) comfortably cover predicted demand (₹4,793) and safety reserve (₹1,438) with ₹29,945 surplus."
126,ATM-226,atm3500090,YEŞİLOVA ÇAMDİBİ (ATM-226),Guntur,YEŞİLOVA ÇAMDİBİ,16.354058,80.445144,120000.0,8815.0,4764.13,1429.24,6193.37,0.0,2621.63,0.0,LOW,LOW,2020-01-07 10:00,,"LOW RISK: Cash reserves (₹8,815) comfortably cover predicted demand (₹4,764) and safety reserve (₹1,429) with ₹2,622 surplus."
127,ATM-227,atm3500091,BAHÇELİEVLER MİGROS (ATM-227),Guntur,HÜRRİYET MAHALLESİ 505. SK. NO:20,16.33514,80.429393,120000.0,24365.0,4726.11,1417.83,6143.94,0.0,18221.06,0.0,LOW,LOW,2020-01-07 10:00,,"LOW RISK: Cash reserves (₹24,365) comfortably cover predicted demand (₹4,726) and safety reserve (₹1,418) with ₹18,221 surplus."
128,ATM-228,atm3500092,BUCA AKDOĞAN CADDESİ (ATM-228),Guntur,AKINCILAR MAH.NO:565/1 SOKAK NO: 1/1 BUCA/İZMİR,16.2969,80.429413,120000.0,35880.0,4784.45,1435.33,6219.78,0.0,29660.22,0.0,LOW,LOW,2020-01-07 10:00,,"LOW RISK: Cash reserves (₹35,880) comfortably cover predicted demand (₹4,784) and safety reserve (₹1,435) with ₹29,660 surplus."
129,ATM-229,atm3500093,BUCA ÇEVİK BİR MEYDAN (ATM-229),Guntur,ÖZMEN CAD.NO:88 BUCA,16.268868,80.529705,200000.0,5000.0,4815.85,1444.76,6260.61,1260.61,0.0,20.1,MEDIUM,MEDIUM,2020-01-07 10:00,120.0,"MEDIUM RISK: Minor cash deficit of ₹1,261 against projected demand + 30% reserve buffer."
130,ATM-230,atm3500094,BUCA ERDEM CADDESİ (ATM-230),Guntur,BUCA ERDEM CAD-KIBRIS CAD.- KESİŞİMİ,16.402882,80.525575,200000.0,22360.0,4758.08,1427.42,6185.5,0.0,16174.5,0.0,LOW,LOW,2020-01-07 10:00,,"LOW RISK: Cash reserves (₹22,360) comfortably cover predicted demand (₹4,758) and safety reserve (₹1,427) with ₹16,174 surplus."
131,ATM-231,atm3500095,BUCA FIRAT MAHALLESİ (ATM-231),Guntur,FIRAT MAHALLESİ 289 SK. FIRATKENT SİTESİ BUCA,16.336182,80.445296,150000.0,24490.0,4932.44,1479.73,6412.17,0.0,18077.83,0.0,LOW,LOW,2020-01-07 10:00,,"LOW RISK: Cash reserves (₹24,490) comfortably cover predicted demand (₹4,932) and safety reserve (₹1,480) with ₹18,078 surplus."
132,ATM-232,atm3500096,BUCA HEYKEL (ATM-232),Guntur,MENDERES CD.ALYUVA APT.NO:23,16.31332,80.433017,200000.0,35215.0,4730.26,1419.08,6149.34,0.0,29065.66,0.0,LOW,LOW,2020-01-07 10:00,,"LOW RISK: Cash reserves (₹35,215) comfortably cover predicted demand (₹4,730) and safety reserve (₹1,419) with ₹29,066 surplus."
133,ATM-233,atm3500097,BUCA KOOP.ÇAĞDAŞKENT (ATM-233),Guntur,BUCA KOOPERATİFİ ÇAĞDAŞKENT,16.392278,80.401368,100000.0,19485.0,4789.18,1436.75,6225.93,0.0,13259.07,0.0,LOW,LOW,2020-01-07 10:00,,"LOW RISK: Cash reserves (₹19,485) comfortably cover predicted demand (₹4,789) and safety reserve (₹1,437) with ₹13,259 surplus."
134,ATM-234,atm3500098,BUCA KOOP KİPA (ATM-234),Guntur,SULTAN SELİM CAD.NO:212/A EVKA-1 BUCA KOOP.,16.3539,80.459632,120000.0,30585.0,4800.02,1440.01,6240.03,0.0,24344.97,0.0,LOW,LOW,2020-01-07 10:00,,"LOW RISK: Cash reserves (₹30,585) comfortably cover predicted demand (₹4,800) and safety reserve (₹1,440) with ₹24,345 surplus."
135,ATM-235,atm3500099,BUCA MENDERES CADDESİ (ATM-235),Guntur,BARIŞ MAH.MENDERES CD. NO:130,16.263148,80.361516,80000.0,19675.0,4781.36,1434.41,6215.77,0.0,13459.23,0.0,LOW,LOW,2020-01-07 10:00,,"LOW RISK: Cash reserves (₹19,675) comfortably cover predicted demand (₹4,781) and safety reserve (₹1,434) with ₹13,459 surplus."
136,ATM-236,atm35000100,BUCA ŞUBE-1 (ATM-236),Guntur,Çevik Bir Meydanı 255. Sokak No: 3 / A,16.276837,80.531607,120000.0,16850.0,4681.55,1404.46,6086.02,0.0,10763.99,0.0,LOW,LOW,2020-01-07 10:00,,"LOW RISK: Cash reserves (₹16,850) comfortably cover predicted demand (₹4,682) and safety reserve (₹1,404) with ₹10,764 surplus."
137,ATM-237,atm35000101,BUCA ŞUBE-2 (ATM-237),Guntur,Çevik Bir Meydanı 255. Sokak No: 3 / A,16.265468,80.519287,120000.0,5000.0,4791.3,1437.39,6228.69,1228.69,0.0,19.7,MEDIUM,MEDIUM,2020-01-07 10:00,120.0,"MEDIUM RISK: Minor cash deficit of ₹1,229 against projected demand + 30% reserve buffer."
138,ATM-238,atm35000102,EVKA-1 MİGROS (ATM-238),Guntur,ALİ ŞİR NEVAİ CAD. NO:2 EVKA-1,16.333728,80.510101,150000.0,22730.0,4749.88,1424.96,6174.84,0.0,16555.16,0.0,LOW,LOW,2020-01-07 10:00,,"LOW RISK: Cash reserves (₹22,730) comfortably cover predicted demand (₹4,750) and safety reserve (₹1,425) with ₹16,555 surplus."
139,ATM-239,atm35000103,GEDİZ MAH./BUCA ŞUBE-1 (ATM-239),Guntur,Mustafa Kemal Mahallesi Gazeteci Yazar İsmail Sivri Bulvarı No: 369 / A,16.381091,80.382247,200000.0,25765.0,4768.32,1430.5,6198.82,0.0,19566.18,0.0,LOW,LOW,2020-01-07 10:00,,"LOW RISK: Cash reserves (₹25,765) comfortably cover predicted demand (₹4,768) and safety reserve (₹1,430) with ₹19,566 surplus."
140,ATM-240,atm35000104,GEDİZ MAH./BUCA ŞUBE-2 (ATM-240),Guntur,Mustafa Kemal Mahallesi Gazeteci Yazar İsmail Sivri Bulvarı No: 369 / A,16.242352,80.481405,80000.0,36130.0,4812.92,1443.88,6256.8,0.0,29873.2,0.0,LOW,LOW,2020-01-07 10:00,,"LOW RISK: Cash reserves (₹36,130) comfortably cover predicted demand (₹4,813) and safety reserve (₹1,444) with ₹29,873 surplus."
141,ATM-241,atm35000105,GÖKSU MH.637/4 SK. (ATM-241),Guntur,GÖKSU MAH. 637/4 SK.,16.31777,80.481636,200000.0,5000.0,4898.61,1469.58,6368.19,1368.19,0.0,21.5,MEDIUM,MEDIUM,2020-01-07 10:00,120.0,"MEDIUM RISK: Minor cash deficit of ₹1,368 against projected demand + 30% reserve buffer."
142,ATM-242,atm35000106,MİGROS MMM BUCA KOOP. (ATM-242),Guntur,KURUÇEŞME MAHALLESİ AHMET PİRİŞTİNA BLV NO:16,16.270704,80.513362,150000.0,34290.0,4822.18,1446.65,6268.83,0.0,28021.17,0.0,LOW,LOW,2020-01-07 10:00,,"LOW RISK: Cash reserves (₹34,290) comfortably cover predicted demand (₹4,822) and safety reserve (₹1,447) with ₹28,021 surplus."
143,ATM-243,atm35000107,OTOKENT BUCA MAH. (ATM-243),Guntur,İNÖNÜ MAH.OTOKENT,16.320668,80.499203,150000.0,38855.0,4796.53,1438.96,6235.49,0.0,32619.51,0.0,LOW,LOW,2020-01-07 10:00,,"LOW RISK: Cash reserves (₹38,855) comfortably cover predicted demand (₹4,797) and safety reserve (₹1,439) with ₹32,620 surplus."
144,ATM-244,atm35000108,ŞİRİNYER İZBAN METRO (ATM-244),Guntur,BUCA ŞİRİNYER METRO İSTASYONU,16.408541,80.409136,100000.0,40305.0,4829.72,1448.92,6278.64,0.0,34026.36,0.0,LOW,LOW,2020-01-07 10:00,,"LOW RISK: Cash reserves (₹40,305) comfortably cover predicted demand (₹4,830) and safety reserve (₹1,449) with ₹34,026 surplus."
145,ATM-245,atm35000109,ŞİRİNYER M.AKİF ERSOY CD. (ATM-245),Guntur,HÜRRİYET MAH. MEHMET AKİF CADDESİ NO: 104/ A ŞİRİNYER BUCA,16.288048,80.526665,200000.0,30635.0,4791.68,1437.5,6229.18,0.0,24405.82,0.0,LOW,LOW,2020-01-07 10:00,,"LOW RISK: Cash reserves (₹30,635) comfortably cover predicted demand (₹4,792) and safety reserve (₹1,438) with ₹24,406 surplus."
146,ATM-246,atm35000110,ŞİRİNYER MİGROS (ATM-246),Guntur,MENDERES CADDESİ NO:245,16.326947,80.390492,100000.0,27970.0,4739.3,1421.79,6161.09,0.0,21808.91,0.0,LOW,LOW,2020-01-07 10:00,,"LOW RISK: Cash reserves (₹27,970) comfortably cover predicted demand (₹4,739) and safety reserve (₹1,422) with ₹21,809 surplus."
147,ATM-247,atm35000111,ŞİRİNYER ŞB CİVARI ATM-1 (ATM-247),Guntur,HÜRRİYET MH.MENDERES CD NO:331,16.321019,80.529337,100000.0,10680.0,4748.58,1424.57,6173.15,0.0,4506.85,0.0,LOW,LOW,2020-01-07 10:00,,"LOW RISK: Cash reserves (₹10,680) comfortably cover predicted demand (₹4,749) and safety reserve (₹1,425) with ₹4,507 surplus."
148,ATM-248,atm35000112,ŞİRİNYER ŞUBE-1 (ATM-248),Guntur,Menderes Caddesi No: 286 / C,16.331031,80.444075,150000.0,19335.0,4697.81,1409.34,6107.15,0.0,13227.85,0.0,LOW,LOW,2020-01-07 10:00,,"LOW RISK: Cash reserves (₹19,335) comfortably cover predicted demand (₹4,698) and safety reserve (₹1,409) with ₹13,228 surplus."
149,ATM-249,atm35000113,ŞİRİNYER ŞUBE-2 (ATM-249),Guntur,Menderes Caddesi No: 286 / C,16.31628,80.350963,150000.0,41115.0,4924.0,1477.2,6401.2,0.0,34713.8,0.0,LOW,LOW,2020-01-07 10:00,,"LOW RISK: Cash reserves (₹41,115) comfortably cover predicted demand (₹4,924) and safety reserve (₹1,477) with ₹34,714 surplus."
150,ATM-250,atm35000114,ŞİRİNYER TELEKOM (ATM-250),Guntur,MENDERES CD.NO:252,16.266688,80.392236,100000.0,12230.0,4785.45,1435.63,6221.09,0.0,6008.91,0.0,LOW,LOW,2020-01-07 10:00,,"LOW RISK: Cash reserves (₹12,230) comfortably cover predicted demand (₹4,785) and safety reserve (₹1,436) with ₹6,009 surplus."
151,ATM-251,atm35000115,ŞİRİNYER VERGİ DAİRESİ (ATM-251),Guntur,ŞİRİNYER VERGİ DAİRESİ ÖNÜ ŞİRİNYER,16.235197,80.503035,150000.0,36990.0,4811.1,1443.33,6254.43,0.0,30735.57,0.0,LOW,LOW,2020-01-07 10:00,,"LOW RISK: Cash reserves (₹36,990) comfortably cover predicted demand (₹4,811) and safety reserve (₹1,443) with ₹30,736 surplus."
152,ATM-252,atm35000116,YAYLACIK MAH. G.O.P CAD. (ATM-252),Guntur,YAYLACIK MAH. GAZİOSMANPAŞA CAD BUCA İZMİR,16.285928,80.404195,80000.0,34365.0,4791.18,1437.35,6228.53,0.0,28136.47,0.0,LOW,LOW,2020-01-07 10:00,,"LOW RISK: Cash reserves (₹34,365) comfortably cover predicted demand (₹4,791) and safety reserve (₹1,437) with ₹28,136 surplus."
153,ATM-253,atm35000117,YENİGÜN MAHALLESİ (ATM-253),Guntur,YENİGÜN MAH.268 SOK.BUCA,16.381772,80.342481,80000.0,33495.0,4806.16,1441.85,6248.01,0.0,27246.99,0.0,LOW,LOW,2020-01-07 10:00,,"LOW RISK: Cash reserves (₹33,495) comfortably cover predicted demand (₹4,806) and safety reserve (₹1,442) with ₹27,247 surplus."
154,ATM-254,atm35000118,YIKIKKEMER/BUCA-1 (ATM-254),Guntur,YIKIKKEMER BUCA,16.326791,80.542056,200000.0,13730.0,4781.72,1434.52,6216.24,0.0,7513.76,0.0,LOW,LOW,2020-01-07 10:00,,"LOW RISK: Cash reserves (₹13,730) comfortably cover predicted demand (₹4,782) and safety reserve (₹1,435) with ₹7,514 surplus."
155,ATM-255,atm35000119,YIKIKKEMER BUCA-2 (ATM-255),Guntur,YIKIK KEMER BUCA,16.24631,80.412766,80000.0,12345.0,4669.21,1400.76,6069.97,0.0,6275.03,0.0,LOW,LOW,2020-01-07 10:00,,"LOW RISK: Cash reserves (₹12,345) comfortably cover predicted demand (₹4,669) and safety reserve (₹1,401) with ₹6,275 surplus."
156,ATM-256,atm35000120,ALAÇATI MERKEZ (ATM-256),Guntur,ALAÇATI BELEDİYE ÖNÜ,16.326874,80.373716,200000.0,5000.0,4822.08,1446.62,6268.7,1268.7,0.0,20.2,MEDIUM,MEDIUM,2020-01-07 10:00,120.0,"MEDIUM RISK: Minor cash deficit of ₹1,269 against projected demand + 30% reserve buffer."
157,ATM-257,atm35000121,ALAÇATI PORT MARİNA (ATM-257),Guntur,ALAÇATI PORT MARİNA ÖNÜ,16.200101,80.360556,150000.0,11875.0,4843.36,1453.01,6296.37,0.0,5578.63,0.0,LOW,LOW,2020-01-07 10:00,,"LOW RISK: Cash reserves (₹11,875) comfortably cover predicted demand (₹4,843) and safety reserve (₹1,453) with ₹5,579 surplus."
158,ATM-258,atm35000122,ALAÇATI ŞUBE-1- (ATM-258),Guntur,Tokoğlu Mahallesi Kemalpaşa Caddesi No: 50 / A-B Alaçatı,16.29081,80.351809,200000.0,24045.0,4765.52,1429.66,6195.18,0.0,17849.82,0.0,LOW,LOW,2020-01-07 10:00,,"LOW RISK: Cash reserves (₹24,045) comfortably cover predicted demand (₹4,766) and safety reserve (₹1,430) with ₹17,850 surplus."
159,ATM-259,atm35000123,ALAÇATI ŞUBE-2- (ATM-259),Guntur,Tokoğlu Mahallesi Kemalpaşa Caddesi No: 50 / A-B Alaçatı,16.356612,80.402037,150000.0,35400.0,4888.03,1466.41,6354.44,0.0,29045.56,0.0,LOW,LOW,2020-01-07 10:00,,"LOW RISK: Cash reserves (₹35,400) comfortably cover predicted demand (₹4,888) and safety reserve (₹1,466) with ₹29,046 surplus."
160,ATM-260,atm35000124,CADDE PLUS AVM ÇEŞME (ATM-260),Guntur,SAKARYA MAHALLESİ 2001. SK. NO:119,16.302,80.31371,150000.0,6590.0,5862.35,1758.71,7621.06,1031.06,0.0,13.5,MEDIUM,MEDIUM,2020-01-07 10:00,120.0,"MEDIUM RISK: Minor cash deficit of ₹1,031 against projected demand + 30% reserve buffer."
161,ATM-261,atm35000125,ÇEŞME ALTINYUNUS (ATM-261),Guntur,ALTINYUNUS ÇEŞME TUR.TESİS.KALEM BURNU MEVKİİ,16.307401,80.371117,120000.0,19050.0,4757.67,1427.3,6184.97,0.0,12865.03,0.0,LOW,LOW,2020-01-07 10:00,,"LOW RISK: Cash reserves (₹19,050) comfortably cover predicted demand (₹4,758) and safety reserve (₹1,427) with ₹12,865 surplus."
162,ATM-262,atm35000126,ÇEŞME ÇİFTLİKKÖY MAH. (ATM-262),Guntur,ÇİFTLİK MAHALLESİ ŞEHİT MEHMET CADDESİ 18. SOKAK NO: 33 / A,16.205883,80.422358,100000.0,35405.0,4731.35,1419.4,6150.76,0.0,29254.24,0.0,LOW,LOW,2020-01-07 10:00,,"LOW RISK: Cash reserves (₹35,405) comfortably cover predicted demand (₹4,731) and safety reserve (₹1,419) with ₹29,254 surplus."
163,ATM-263,atm35000127,ÇEŞME MARİNA (ATM-263),Guntur,MUSALLA MAH.1016 SOK.NO:8 ÇEŞME,16.343024,80.456534,120000.0,27995.0,4859.26,1457.78,6317.04,0.0,21677.96,0.0,LOW,LOW,2020-01-07 10:00,,"LOW RISK: Cash reserves (₹27,995) comfortably cover predicted demand (₹4,859) and safety reserve (₹1,458) with ₹21,678 surplus."
164,ATM-264,atm35000128,ÇEŞME MEYDAN (ATM-264),Guntur,İNKILAP CAD. ADLİYE ÖNÜ,16.288133,80.468817,200000.0,37640.0,4891.33,1467.4,6358.73,0.0,31281.27,0.0,LOW,LOW,2020-01-07 10:00,,"LOW RISK: Cash reserves (₹37,640) comfortably cover predicted demand (₹4,891) and safety reserve (₹1,467) with ₹31,281 surplus."
165,ATM-265,atm35000129,ÇEŞME ŞUBE-1 (ATM-265),Guntur,Cumhuriyet Meydanı No: 9,16.316709,80.451013,150000.0,23740.0,4862.57,1458.77,6321.34,0.0,17418.66,0.0,LOW,LOW,2020-01-07 10:00,,"LOW RISK: Cash reserves (₹23,740) comfortably cover predicted demand (₹4,863) and safety reserve (₹1,459) with ₹17,419 surplus."
166,ATM-266,atm35000130,ÇEŞME ŞUBE-2 (ATM-266),Guntur,Cumhuriyet Meydanı No: 9,16.28159,80.343356,80000.0,14845.0,4751.67,1425.5,6177.17,0.0,8667.83,0.0,LOW,LOW,2020-01-07 10:00,,"LOW RISK: Cash reserves (₹14,845) comfortably cover predicted demand (₹4,752) and safety reserve (₹1,426) with ₹8,668 surplus."
167,ATM-267,atm35000131,DALYAN ÇEŞME DÜKKAN (ATM-267),Guntur,DALYAN MAHALLESİ 4218. SK. 49A,16.278277,80.489669,150000.0,6515.0,4794.53,1438.36,6232.89,0.0,282.11,0.0,LOW,LOW,2020-01-07 10:00,,"LOW RISK: Cash reserves (₹6,515) comfortably cover predicted demand (₹4,795) and safety reserve (₹1,438) with ₹282 surplus."
168,ATM-268,atm35000132,ILICA 5065 SOKAK (ATM-268),Guntur,ILICA MAHALLESİ 5065. SK. NO:25,16.322379,80.495247,150000.0,27455.0,4750.87,1425.26,6176.13,0.0,21278.87,0.0,LOW,LOW,2020-01-07 10:00,,"LOW RISK: Cash reserves (₹27,455) comfortably cover predicted demand (₹4,751) and safety reserve (₹1,425) with ₹21,279 surplus."
169,ATM-269,atm35000133,SHERATON ÇEŞME HOTEL (ATM-269),Guntur,ŞİFNE CAD.5152 SK.NO:43 ILICA,16.313558,80.37935,80000.0,19985.0,4768.34,1430.5,6198.84,0.0,13786.16,0.0,LOW,LOW,2020-01-07 10:00,,"LOW RISK: Cash reserves (₹19,985) comfortably cover predicted demand (₹4,768) and safety reserve (₹1,431) with ₹13,786 surplus."
170,ATM-270,atm35000134,ATATÜRK O.S ÇİĞLİ ŞB-1 (ATM-270),Guntur,Atatürk Organize Sanayi Bölgesi Mustafa Kemal Atatürk Bulvarı No: 42 / 5,16.317749,80.319382,150000.0,40615.0,4846.99,1454.1,6301.09,0.0,34313.91,0.0,LOW,LOW,2020-01-07 10:00,,"LOW RISK: Cash reserves (₹40,615) comfortably cover predicted demand (₹4,847) and safety reserve (₹1,454) with ₹34,314 surplus."
171,ATM-271,atm35000135,ATATÜRK O.S ÇİĞLİ ŞB-2 (ATM-271),Guntur,Atatürk Organize Sanayi Bölgesi Mustafa Kemal Atatürk Bulvarı No: 42 / 5,16.368547,80.412262,120000.0,14400.0,4722.53,1416.76,6139.29,0.0,8260.71,0.0,LOW,LOW,2020-01-07 10:00,,"LOW RISK: Cash reserves (₹14,400) comfortably cover predicted demand (₹4,723) and safety reserve (₹1,417) with ₹8,261 surplus."
172,ATM-272,atm35000136,ÇİĞLİ BÖL.ARAŞ.HASTANESİ (ATM-272),Guntur,YENİ MAH.ATA SANAYİ SOKAK NO:18 8780/1 ÇİĞLİ,16.367341,80.353385,150000.0,28560.0,4826.07,1447.82,6273.89,0.0,22286.11,0.0,LOW,LOW,2020-01-07 10:00,,"LOW RISK: Cash reserves (₹28,560) comfortably cover predicted demand (₹4,826) and safety reserve (₹1,448) with ₹22,286 surplus."
173,ATM-273,atm35000137,ÇİĞLİ EGEKENT (ATM-273),Guntur,ÇİĞLİ EGEKENT,16.299602,80.360135,200000.0,14715.0,4807.18,1442.15,6249.33,0.0,8465.67,0.0,LOW,LOW,2020-01-07 10:00,,"LOW RISK: Cash reserves (₹14,715) comfortably cover predicted demand (₹4,807) and safety reserve (₹1,442) with ₹8,466 surplus."
174,ATM-274,atm35000138,ÇİĞLİ EVKA 5 (ATM-274),Guntur,8809 SOK.NO:141 EVKA-5,16.189004,80.445586,120000.0,15040.0,4642.15,1392.64,6034.79,0.0,9005.21,0.0,LOW,LOW,2020-01-07 10:00,,"LOW RISK: Cash reserves (₹15,040) comfortably cover predicted demand (₹4,642) and safety reserve (₹1,393) with ₹9,005 surplus."
175,ATM-275,atm35000139,ÇİĞLİ İZBAN METRO (ATM-275),Guntur,ÇİĞLİ METRO İSTASYONU,16.366688,80.448027,120000.0,38830.0,4859.66,1457.9,6317.56,0.0,32512.44,0.0,LOW,LOW,2020-01-07 10:00,,"LOW RISK: Cash reserves (₹38,830) comfortably cover predicted demand (₹4,860) and safety reserve (₹1,458) with ₹32,512 surplus."
176,ATM-276,atm35000140,ÇİĞLİ ŞUBE-1 (ATM-276),Guntur,Anadolu Caddesi No: 798,16.33344,80.347222,100000.0,48365.0,4847.23,1454.17,6301.4,0.0,42063.6,0.0,LOW,LOW,2020-01-07 10:00,,"LOW RISK: Cash reserves (₹48,365) comfortably cover predicted demand (₹4,847) and safety reserve (₹1,454) with ₹42,064 surplus."
177,ATM-277,atm35000141,ÇİĞLİ ŞUBE-2 (ATM-277),Guntur,Anadolu Caddesi No: 798,16.403768,80.38052,200000.0,5000.0,4714.71,1414.41,6129.12,1129.12,0.0,18.4,MEDIUM,MEDIUM,2020-01-07 10:00,120.0,"MEDIUM RISK: Minor cash deficit of ₹1,129 against projected demand + 30% reserve buffer."
178,ATM-278,atm35000142,ÇİĞLİ ŞUBE-3 (ATM-278),Guntur,Anadolu Caddesi No: 798,16.367679,80.394439,200000.0,21760.0,4813.56,1444.07,6257.63,0.0,15502.37,0.0,LOW,LOW,2020-01-07 10:00,,"LOW RISK: Cash reserves (₹21,760) comfortably cover predicted demand (₹4,814) and safety reserve (₹1,444) with ₹15,502 surplus."
179,ATM-279,atm35000143,DYO BOYA ÇİĞLİ (ATM-279),Guntur,ATATÜRK ORG.SAN.BÖL.10003 SOK.NO:2 ÇİĞLİ,16.382455,80.450072,150000.0,39400.0,4919.74,1475.92,6395.66,0.0,33004.34,0.0,LOW,LOW,2020-01-07 10:00,,"LOW RISK: Cash reserves (₹39,400) comfortably cover predicted demand (₹4,920) and safety reserve (₹1,476) with ₹33,004 surplus."
180,ATM-280,atm35000144,EVKA-2 KÜLTÜR MERKEZİ (ATM-280),Guntur,EVKA-2 MAHALLESİ 6866. SK. NO:20,16.283435,80.442449,80000.0,19530.0,4785.57,1435.67,6221.24,0.0,13308.76,0.0,LOW,LOW,2020-01-07 10:00,,"LOW RISK: Cash reserves (₹19,530) comfortably cover predicted demand (₹4,786) and safety reserve (₹1,436) with ₹13,309 surplus."
181,ATM-281,atm35000145,KİPA ÇİĞLİ-1 (ATM-281),Guntur,YENİ HAVAALANI CAD. NO:40 35610,16.288335,80.472721,150000.0,36465.0,4750.64,1425.19,6175.83,0.0,30289.17,0.0,LOW,LOW,2020-01-07 10:00,,"LOW RISK: Cash reserves (₹36,465) comfortably cover predicted demand (₹4,751) and safety reserve (₹1,425) with ₹30,289 surplus."
182,ATM-282,atm35000146,KİPA ÇİĞLİ-2 (ATM-282),Guntur,YENİ HAVAALANI CAD.NO:40 ÇİĞLİ,16.310052,80.387083,150000.0,40750.0,4818.93,1445.68,6264.61,0.0,34485.39,0.0,LOW,LOW,2020-01-07 10:00,,"LOW RISK: Cash reserves (₹40,750) comfortably cover predicted demand (₹4,819) and safety reserve (₹1,446) with ₹34,485 surplus."
183,ATM-283,atm35000147,KİPA ÇİĞLİ-3 (ATM-283),Guntur,ÇİĞLİ KİPA MAĞAZASI İÇİ,16.346313,80.423434,150000.0,25160.0,4789.72,1436.92,6226.64,0.0,18933.36,0.0,LOW,LOW,2020-01-07 10:00,,"LOW RISK: Cash reserves (₹25,160) comfortably cover predicted demand (₹4,790) and safety reserve (₹1,437) with ₹18,933 surplus."
184,ATM-284,atm35000148,MAVİŞEHİR SOYAK (ATM-284),Guntur,MAVİŞEHİR SOYAK ÇİĞLİ,16.340077,80.456164,80000.0,23475.0,4835.89,1450.77,6286.66,0.0,17188.34,0.0,LOW,LOW,2020-01-07 10:00,,"LOW RISK: Cash reserves (₹23,475) comfortably cover predicted demand (₹4,836) and safety reserve (₹1,451) with ₹17,188 surplus."
185,ATM-285,atm35000149,ÇANDARLI/DİKİLİ (ATM-285),Guntur,ÇANDARLI MAHALLESİ BERGAMA CAD.,16.401065,80.469877,120000.0,14320.0,4746.47,1423.94,6170.41,0.0,8149.59,0.0,LOW,LOW,2020-01-07 10:00,,"LOW RISK: Cash reserves (₹14,320) comfortably cover predicted demand (₹4,746) and safety reserve (₹1,424) with ₹8,150 surplus."
186,ATM-286,atm35000150,DİKİLİ MEYDAN (ATM-286),Guntur,İSMETPAŞA MAHALLESİ ATATÜRK CD. NO:1,16.338389,80.451688,80000.0,25950.0,4819.21,1445.76,6264.97,0.0,19685.03,0.0,LOW,LOW,2020-01-07 10:00,,"LOW RISK: Cash reserves (₹25,950) comfortably cover predicted demand (₹4,819) and safety reserve (₹1,446) with ₹19,685 surplus."
187,ATM-287,atm35000151,DİKİLİ SALİHLERALTI (ATM-287),Guntur,SALİHLERALTI BELDESİ YAĞMUR İŞ MER.2 NOLU DÜK.ÖNÜ,16.402012,80.403965,100000.0,17185.0,4805.67,1441.7,6247.37,0.0,10937.63,0.0,LOW,LOW,2020-01-07 10:00,,"LOW RISK: Cash reserves (₹17,185) comfortably cover predicted demand (₹4,806) and safety reserve (₹1,442) with ₹10,938 surplus."
188,ATM-288,atm35000152,DİKİLİ ŞUBE-1 (ATM-288),Guntur,İsmetpaşa Mahallesi Adnan Menderes Caddesi No: 19,16.226579,80.356779,100000.0,19355.0,4801.66,1440.5,6242.16,0.0,13112.84,0.0,LOW,LOW,2020-01-07 10:00,,"LOW RISK: Cash reserves (₹19,355) comfortably cover predicted demand (₹4,802) and safety reserve (₹1,440) with ₹13,113 surplus."
189,ATM-289,atm35000153,DİKİLİ ŞUBE-2 (ATM-289),Guntur,İsmetpaşa Mahallesi Adnan Menderes Caddesi No: 19,16.295655,80.415735,200000.0,32765.0,4791.78,1437.53,6229.31,0.0,26535.69,0.0,LOW,LOW,2020-01-07 10:00,,"LOW RISK: Cash reserves (₹32,765) comfortably cover predicted demand (₹4,792) and safety reserve (₹1,438) with ₹26,536 surplus."
190,ATM-290,atm35000154,ESKİ FOÇA MEYDANI (ATM-290),Guntur,ATATÜRK MAH.ÇEŞME MEYDANI TAKSİ DURAĞI YANI,16.185502,80.464698,120000.0,21475.0,4742.58,1422.77,6165.35,0.0,15309.65,0.0,LOW,LOW,2020-01-07 10:00,,"LOW RISK: Cash reserves (₹21,475) comfortably cover predicted demand (₹4,743) and safety reserve (₹1,423) with ₹15,310 surplus."
191,ATM-291,atm35000155,FOÇA BELEDİYE MEYDANI (ATM-291),Guntur,REHA MİDİLLİ CD.ATATÜRK MH.,16.357007,80.528783,200000.0,31370.0,4794.05,1438.21,6232.27,0.0,25137.74,0.0,LOW,LOW,2020-01-07 10:00,,"LOW RISK: Cash reserves (₹31,370) comfortably cover predicted demand (₹4,794) and safety reserve (₹1,438) with ₹25,138 surplus."
192,ATM-292,atm35000156,FOÇA ŞUBE (ATM-292),Guntur,Atatürk Mahallesi Avni Arbaş Sokak No: 2,16.281783,80.307647,100000.0,29215.0,4792.26,1437.68,6229.94,0.0,22985.06,0.0,LOW,LOW,2020-01-07 10:00,,"LOW RISK: Cash reserves (₹29,215) comfortably cover predicted demand (₹4,792) and safety reserve (₹1,438) with ₹22,985 surplus."
193,ATM-293,atm35000157,YENİ FOÇA (ATM-293),Guntur,ALİ STAR CAD.NO:12 YENİFOÇA,16.404952,80.519148,80000.0,22455.0,4784.02,1435.21,6219.23,0.0,16235.77,0.0,LOW,LOW,2020-01-07 10:00,,"LOW RISK: Cash reserves (₹22,455) comfortably cover predicted demand (₹4,784) and safety reserve (₹1,435) with ₹16,236 surplus."
194,ATM-294,atm35000158,DELFPHİ OTO-1 (ATM-294),Guntur,NİLÜFER SK.C BLOK MODÜL 5 EGE SERBEST BÖLGESİ,16.198406,80.378295,150000.0,26605.0,4838.21,1451.46,6289.67,0.0,20315.33,0.0,LOW,LOW,2020-01-07 10:00,,"LOW RISK: Cash reserves (₹26,605) comfortably cover predicted demand (₹4,838) and safety reserve (₹1,451) with ₹20,315 surplus."
195,ATM-295,atm35000159,EGE SERBEST BÖLGE (ATM-295),Guntur,NİLÜFER SK.C BLOK MODÜL 5 EGE SERBEST BÖLGESİ,16.294453,80.37939,80000.0,16905.0,4755.69,1426.71,6182.4,0.0,10722.6,0.0,LOW,LOW,2020-01-07 10:00,,"LOW RISK: Cash reserves (₹16,905) comfortably cover predicted demand (₹4,756) and safety reserve (₹1,427) with ₹10,723 surplus."
196,ATM-296,atm35000160,EMLAKBANK KONUTLARI (ATM-296),Guntur,ADEMYAVUZ CADDESİ 80/1 SOK.EMLAKBANK KONUTLARI,16.34563,80.363341,100000.0,13675.0,4751.3,1425.39,6176.69,0.0,7498.31,0.0,LOW,LOW,2020-01-07 10:00,,"LOW RISK: Cash reserves (₹13,675) comfortably cover predicted demand (₹4,751) and safety reserve (₹1,425) with ₹7,498 surplus."
197,ATM-297,atm35000161,GAZİEMİR ÇARŞI ŞUBE-1 (ATM-297),Guntur,Atıfbey Mahallesi Türkan Saylan Caddesi 11 / 2 Sokak No: 51,16.309485,80.416092,200000.0,5000.0,4817.95,1445.38,6263.34,1263.34,0.0,20.2,MEDIUM,MEDIUM,2020-01-07 10:00,120.0,"MEDIUM RISK: Minor cash deficit of ₹1,263 against projected demand + 30% reserve buffer."
198,ATM-298,atm35000162,GAZİEMİR ÇARŞI ŞUBE-2 (ATM-298),Guntur,Atıfbey Mahallesi Türkan Saylan Caddesi 11 / 2 Sokak No: 51,16.337237,80.330056,200000.0,22945.0,4735.66,1420.7,6156.36,0.0,16788.64,0.0,LOW,LOW,2020-01-07 10:00,,"LOW RISK: Cash reserves (₹22,945) comfortably cover predicted demand (₹4,736) and safety reserve (₹1,421) with ₹16,789 surplus."
199,ATM-299,atm35000163,GAZİEMİR MİGROS (ATM-299),Guntur,AKÇAY CADDESİ NO:236,16.247171,80.525101,150000.0,13405.0,4852.64,1455.79,6308.43,0.0,7096.57,0.0,LOW,LOW,2020-01-07 10:00,,"LOW RISK: Cash reserves (₹13,405) comfortably cover predicted demand (₹4,853) and safety reserve (₹1,456) with ₹7,097 surplus."
200,ATM-300,atm35000164,GAZİEMİR ŞUBE-1 (ATM-300),Guntur,Dokuz Eylül Mahallesi Akçay Caddesi No:175 / B,16.387344,80.475368,120000.0,32880.0,4789.35,1436.81,6226.16,0.0,26653.85,0.0,LOW,LOW,2020-01-07 10:00,,"LOW RISK: Cash reserves (₹32,880) comfortably cover predicted demand (₹4,789) and safety reserve (₹1,437) with ₹26,654 surplus."
201,ATM-301,atm35000165,GAZİEMİR ŞUBE-2 (ATM-301),Guntur,Dokuz Eylül Mahallesi Akçay Caddesi No:175 / B,16.299014,80.440898,150000.0,18625.0,4847.51,1454.25,6301.76,0.0,12323.24,0.0,LOW,LOW,2020-01-07 10:00,,"LOW RISK: Cash reserves (₹18,625) comfortably cover predicted demand (₹4,848) and safety reserve (₹1,454) with ₹12,323 surplus."
202,ATM-302,atm35000166,GAZİEMİR TELEKOM (ATM-302),Guntur,GAZİ MAHALLESİ ÖNDER CD. NO:49,16.326322,80.431358,150000.0,35335.0,4836.56,1450.97,6287.53,0.0,29047.47,0.0,LOW,LOW,2020-01-07 10:00,,"LOW RISK: Cash reserves (₹35,335) comfortably cover predicted demand (₹4,837) and safety reserve (₹1,451) with ₹29,047 surplus."
203,ATM-303,atm35000167,İZMİR OPTIMUM AVM -2 (ATM-303),Guntur,DOKUZ EYLÜL MH. AKÇAY CD. NO:101,16.219853,80.475329,200000.0,24440.0,5905.63,1771.69,7677.32,0.0,16762.68,0.0,LOW,LOW,2020-01-07 10:00,,"LOW RISK: Cash reserves (₹24,440) comfortably cover predicted demand (₹5,906) and safety reserve (₹1,772) with ₹16,763 surplus."
204,ATM-304,atm35000168,İZMİR OPTİMUM AVM (ATM-304),Guntur,OPTİMUM AVM GAZİEMİR,16.290797,80.567119,200000.0,16480.0,5805.66,1741.7,7547.36,0.0,8932.64,0.0,LOW,LOW,2020-01-07 10:00,,"LOW RISK: Cash reserves (₹16,480) comfortably cover predicted demand (₹5,806) and safety reserve (₹1,742) with ₹8,933 surplus."
205,ATM-305,atm35000169,KİPA GAZİEMİR (ATM-305),Guntur,KİPA MAĞAZASI İÇİ GAZİEMİR,16.206378,80.459952,200000.0,19245.0,4784.89,1435.47,6220.36,0.0,13024.64,0.0,LOW,LOW,2020-01-07 10:00,,"LOW RISK: Cash reserves (₹19,245) comfortably cover predicted demand (₹4,785) and safety reserve (₹1,435) with ₹13,025 surplus."
206,ATM-306,atm35000170,SARNIÇ MAHALLESİ (ATM-306),Guntur,EGEMEN YILDIZ PARKI,16.330757,80.40277,80000.0,31260.0,4742.34,1422.7,6165.04,0.0,25094.96,0.0,LOW,LOW,2020-01-07 10:00,,"LOW RISK: Cash reserves (₹31,260) comfortably cover predicted demand (₹4,742) and safety reserve (₹1,423) with ₹25,095 surplus."
207,ATM-307,atm35000171,GÜZELBAHÇE SHELL (ATM-307),Guntur,MİTHATPAŞA CADDESİ NO:343 GÜZELBAHÇE,16.26704,80.449697,150000.0,19040.0,4759.43,1427.83,6187.26,0.0,12852.74,0.0,LOW,LOW,2020-01-07 10:00,,"LOW RISK: Cash reserves (₹19,040) comfortably cover predicted demand (₹4,759) and safety reserve (₹1,428) with ₹12,853 surplus."
208,ATM-308,atm35000172,HEDEF ZİRAAT ATM (ATM-308),Guntur,SEFERİHİSAR CD.NO:70 GÜZELBAHÇE,16.268574,80.366151,120000.0,13220.0,4731.01,1419.3,6150.31,0.0,7069.69,0.0,LOW,LOW,2020-01-07 10:00,,"LOW RISK: Cash reserves (₹13,220) comfortably cover predicted demand (₹4,731) and safety reserve (₹1,419) with ₹7,070 surplus."
209,ATM-309,atm35000173,MİGROS MM GÜZELBAHÇE (ATM-309),Guntur,YALI MAHALLESİ MİTHATPAŞA CD. NO:475,16.31307,80.427479,100000.0,13635.0,4811.37,1443.41,6254.78,0.0,7380.22,0.0,LOW,LOW,2020-01-07 10:00,,"LOW RISK: Cash reserves (₹13,635) comfortably cover predicted demand (₹4,811) and safety reserve (₹1,443) with ₹7,380 surplus."
210,ATM-310,atm35000174,ALİ FUAT CEBESOY MAH. (ATM-310),Guntur,ALİ FUAT CEBESOY MH.ESKİ İZMİR CD.,16.265459,80.492021,120000.0,5000.0,4823.73,1447.12,6270.85,1270.85,0.0,20.3,MEDIUM,MEDIUM,2020-01-07 10:00,120.0,"MEDIUM RISK: Minor cash deficit of ₹1,271 against projected demand + 30% reserve buffer."
211,ATM-311,atm35000175,BOZYAKA SGK (ATM-311),Guntur,SAİM ÇIKRIKÇI CD.BOZYAKA SGK YANI,16.342642,80.401475,120000.0,40235.0,4831.77,1449.53,6281.3,0.0,33953.7,0.0,LOW,LOW,2020-01-07 10:00,,"LOW RISK: Cash reserves (₹40,235) comfortably cover predicted demand (₹4,832) and safety reserve (₹1,450) with ₹33,954 surplus."
212,ATM-312,atm35000176,BOZYAKA ŞUBE-1 (ATM-312),Guntur,Eski İzmir Caddesi No: 133 Bozyaka,16.231308,80.428264,100000.0,35855.0,4810.9,1443.27,6254.17,0.0,29600.83,0.0,LOW,LOW,2020-01-07 10:00,,"LOW RISK: Cash reserves (₹35,855) comfortably cover predicted demand (₹4,811) and safety reserve (₹1,443) with ₹29,601 surplus."
213,ATM-313,atm35000177,BOZYAKA ŞUBE-2 (ATM-313),Guntur,Eski İzmir Caddesi No: 133 Bozyaka,16.303378,80.418308,150000.0,35915.0,4758.31,1427.49,6185.8,0.0,29729.2,0.0,LOW,LOW,2020-01-07 10:00,,"LOW RISK: Cash reserves (₹35,915) comfortably cover predicted demand (₹4,758) and safety reserve (₹1,427) with ₹29,729 surplus."
214,ATM-314,atm35000178,BOZYAKA YIKIK CAMİİ MEVKİ (ATM-314),Guntur,BOZYAKA YIKI CAMİİ ESKİ İZMİR CD.,16.311301,80.515257,150000.0,32265.0,4758.1,1427.43,6185.53,0.0,26079.47,0.0,LOW,LOW,2020-01-07 10:00,,"LOW RISK: Cash reserves (₹32,265) comfortably cover predicted demand (₹4,758) and safety reserve (₹1,427) with ₹26,079 surplus."
215,ATM-315,atm35000179,HATAY CADDESİ ŞUBE-1 (ATM-315),Guntur,Arap Hasan Mahallesi İnönü Caddesi No: 323 / A,16.219918,80.44172,80000.0,22835.0,4932.57,1479.77,6412.34,0.0,16422.66,0.0,LOW,LOW,2020-01-07 10:00,,"LOW RISK: Cash reserves (₹22,835) comfortably cover predicted demand (₹4,933) and safety reserve (₹1,480) with ₹16,423 surplus."
216,ATM-316,atm35000180,HATAY CADDESİ ŞUBE-2 (ATM-316),Guntur,Arap Hasan Mahallesi İnönü Caddesi No: 323 / A,16.310018,80.455666,100000.0,26120.0,4836.08,1450.82,6286.9,0.0,19833.1,0.0,LOW,LOW,2020-01-07 10:00,,"LOW RISK: Cash reserves (₹26,120) comfortably cover predicted demand (₹4,836) and safety reserve (₹1,451) with ₹19,833 surplus."
217,ATM-317,atm35000181,KARABAĞLAR 4012 SOKAK (ATM-317),Guntur,KARABAĞLAR PEHLİVANOĞLU MARKET ÖNÜ,16.26748,80.413512,150000.0,29755.0,4756.99,1427.1,6184.09,0.0,23570.91,0.0,LOW,LOW,2020-01-07 10:00,,"LOW RISK: Cash reserves (₹29,755) comfortably cover predicted demand (₹4,757) and safety reserve (₹1,427) with ₹23,571 surplus."
218,ATM-318,atm35000182,KARABAĞLAR BULVAR ŞUBE-1 (ATM-318),Guntur,Osman Aksüner Mahallesi Yeşillik Caddesi No:227 / 4,16.264741,80.501921,200000.0,20620.0,4904.77,1471.43,6376.2,0.0,14243.8,0.0,LOW,LOW,2020-01-07 10:00,,"LOW RISK: Cash reserves (₹20,620) comfortably cover predicted demand (₹4,905) and safety reserve (₹1,471) with ₹14,244 surplus."
219,ATM-319,atm35000183,KARABAĞLAR ÇAMLIK (ATM-319),Guntur,KARABAĞLAR ÇAMLIK 4012.SK,16.292678,80.388632,120000.0,37675.0,4799.52,1439.86,6239.38,0.0,31435.62,0.0,LOW,LOW,2020-01-07 10:00,,"LOW RISK: Cash reserves (₹37,675) comfortably cover predicted demand (₹4,800) and safety reserve (₹1,440) with ₹31,436 surplus."
220,ATM-320,atm35000184,KARABAĞLAR FULYA SİTESİ (ATM-320),Guntur,SELVİLİ MH.ŞEHİT PİLOT VOLKAN KOÇYİĞİT BUL.FULYA SİTESİ NO:49,16.312195,80.483089,100000.0,26615.0,4735.49,1420.65,6156.14,0.0,20458.86,0.0,LOW,LOW,2020-01-07 10:00,,"LOW RISK: Cash reserves (₹26,615) comfortably cover predicted demand (₹4,735) and safety reserve (₹1,421) with ₹20,459 surplus."
221,ATM-321,atm35000185,KARABAĞLAR İNÖNÜ CADDESİ (ATM-321),Guntur,ESENYALI MAHALLESİ İNÖNÜ CD. NO:607,16.304636,80.38846,100000.0,6165.0,4903.52,1471.06,6374.58,209.58,0.0,3.3,MEDIUM,MEDIUM,2020-01-07 10:00,120.0,MEDIUM RISK: Minor cash deficit of ₹210 against projected demand + 30% reserve buffer.
222,ATM-322,atm35000186,KARABAĞLAR POLAT CADDESİ (ATM-322),Guntur,POLAT CD.NO:32 KARABAĞLAR,16.304493,80.404442,120000.0,43210.0,4827.82,1448.35,6276.17,0.0,36933.83,0.0,LOW,LOW,2020-01-07 10:00,,"LOW RISK: Cash reserves (₹43,210) comfortably cover predicted demand (₹4,828) and safety reserve (₹1,448) with ₹36,934 surplus."
223,ATM-323,atm35000187,KARABAĞLAR ŞUBE-1 (ATM-323),Guntur,Aşık Veysel Mahallesi Yeşillik Caddesi No: 443,16.402296,80.421754,200000.0,7865.0,4808.86,1442.66,6251.52,0.0,1613.48,0.0,LOW,LOW,2020-01-07 10:00,,"LOW RISK: Cash reserves (₹7,865) comfortably cover predicted demand (₹4,809) and safety reserve (₹1,443) with ₹1,613 surplus."
224,ATM-324,atm35000188,KARABAĞLAR ŞUBE-2 (ATM-324),Guntur,Aşık Veysel Mahallesi Yeşillik Caddesi No: 443,16.38696,80.426208,100000.0,11860.0,4687.75,1406.33,6094.07,0.0,5765.93,0.0,LOW,LOW,2020-01-07 10:00,,"LOW RISK: Cash reserves (₹11,860) comfortably cover predicted demand (₹4,688) and safety reserve (₹1,406) with ₹5,766 surplus."
225,ATM-325,atm35000189,KARABAĞLAR ŞUBE-3 (ATM-325),Guntur,Aşık Veysel Mahallesi Yeşillik Caddesi No: 443,16.278613,80.471478,120000.0,18080.0,4730.34,1419.1,6149.44,0.0,11930.56,0.0,LOW,LOW,2020-01-07 10:00,,"LOW RISK: Cash reserves (₹18,080) comfortably cover predicted demand (₹4,730) and safety reserve (₹1,419) with ₹11,931 surplus."
226,ATM-326,atm35000190,KARABAĞLAR ZEREK PETROL-1 (ATM-326),Guntur,4714 SOK.NO:45 YENİÇAMLIK,16.297952,80.434515,120000.0,14985.0,4767.42,1430.23,6197.65,0.0,8787.35,0.0,LOW,LOW,2020-01-07 10:00,,"LOW RISK: Cash reserves (₹14,985) comfortably cover predicted demand (₹4,767) and safety reserve (₹1,430) with ₹8,787 surplus."
227,ATM-327,atm35000191,KARABAĞLAR ZEREK PETROL-2 (ATM-327),Guntur,4714 SOK.NO:45 YENİÇAMLIK,16.31878,80.440989,120000.0,37455.0,4904.52,1471.36,6375.88,0.0,31079.12,0.0,LOW,LOW,2020-01-07 10:00,,"LOW RISK: Cash reserves (₹37,455) comfortably cover predicted demand (₹4,905) and safety reserve (₹1,471) with ₹31,079 surplus."
228,ATM-328,atm35000192,ÜÇYOL METRO DÜKKAN (ATM-328),Guntur,İNÖNÜ CAD.NO:167/C ÜÇYOL,16.37213,80.505777,150000.0,32380.0,4819.0,1445.7,6264.7,0.0,26115.3,0.0,LOW,LOW,2020-01-07 10:00,,"LOW RISK: Cash reserves (₹32,380) comfortably cover predicted demand (₹4,819) and safety reserve (₹1,446) with ₹26,115 surplus."
229,ATM-329,atm35000193,YEŞİLYURT DEVLET HAST. (ATM-329),Guntur,POLAT CAD.98.PARSEL KARABAĞ,16.32651,80.438094,120000.0,38870.0,4863.43,1459.03,6322.46,0.0,32547.54,0.0,LOW,LOW,2020-01-07 10:00,,"LOW RISK: Cash reserves (₹38,870) comfortably cover predicted demand (₹4,863) and safety reserve (₹1,459) with ₹32,548 surplus."
230,ATM-330,atm35000194,YEŞİLYURT ORDU CADDESİ (ATM-330),Guntur,YEŞİLYURT ORDU CAD.KARABAĞLAR,16.246062,80.461299,100000.0,27810.0,4740.96,1422.29,6163.25,0.0,21646.75,0.0,LOW,LOW,2020-01-07 10:00,,"LOW RISK: Cash reserves (₹27,810) comfortably cover predicted demand (₹4,741) and safety reserve (₹1,422) with ₹21,647 surplus."
231,ATM-331,atm35000195,YILDIZ CAD-KARABAĞLAR (ATM-331),Guntur,YILDIZ CAD.NO:1 KARABAĞLAR,16.304732,80.568153,150000.0,11815.0,4834.18,1450.25,6284.43,0.0,5530.57,0.0,LOW,LOW,2020-01-07 10:00,,"LOW RISK: Cash reserves (₹11,815) comfortably cover predicted demand (₹4,834) and safety reserve (₹1,450) with ₹5,531 surplus."
232,ATM-332,atm35000196,MORDOĞAN HOGET PETROL (ATM-332),Guntur,İZMİR CD.SARICA MEVKİİ MORDOĞAN/KARABURUN,16.326219,80.445353,150000.0,12910.0,4754.19,1426.26,6180.45,0.0,6729.55,0.0,LOW,LOW,2020-01-07 10:00,,"LOW RISK: Cash reserves (₹12,910) comfortably cover predicted demand (₹4,754) and safety reserve (₹1,426) with ₹6,730 surplus."
233,ATM-333,atm35000197,AKSOY/KARŞIYAKA ŞUBE-2 (ATM-333),Guntur,Bostanlı Mahallesi Girne Bulvarı No: 51 / A,16.295466,80.424122,80000.0,35045.0,4703.08,1410.92,6114.0,0.0,28931.0,0.0,LOW,LOW,2020-01-07 10:00,,"LOW RISK: Cash reserves (₹35,045) comfortably cover predicted demand (₹4,703) and safety reserve (₹1,411) with ₹28,931 surplus."
234,ATM-334,atm35000198,AKSOY KARŞIYAKA ŞUBE-1 (ATM-334),Guntur,Bostanlı Mahallesi Girne Bulvarı No: 51 / A,16.31642,80.411449,120000.0,24325.0,4790.4,1437.12,6227.52,0.0,18097.48,0.0,LOW,LOW,2020-01-07 10:00,,"LOW RISK: Cash reserves (₹24,325) comfortably cover predicted demand (₹4,790) and safety reserve (₹1,437) with ₹18,097 surplus."
235,ATM-335,atm35000199,ALAYBEY TELEKOM KARŞIYAKA (ATM-335),Guntur,KARŞIYAKA ALAYBEY TELEKOM ÖNÜ,16.306901,80.454962,200000.0,25265.0,4799.81,1439.94,6239.75,0.0,19025.25,0.0,LOW,LOW,2020-01-07 10:00,,"LOW RISK: Cash reserves (₹25,265) comfortably cover predicted demand (₹4,800) and safety reserve (₹1,440) with ₹19,025 surplus."
236,ATM-336,atm35000200,ALPARSLAN MAHALLESİ (ATM-336),Guntur,ALPASLAN MAH. 1620 SK.,16.226972,80.370956,200000.0,39200.0,4808.79,1442.64,6251.43,0.0,32948.57,0.0,LOW,LOW,2020-01-07 10:00,,"LOW RISK: Cash reserves (₹39,200) comfortably cover predicted demand (₹4,809) and safety reserve (₹1,443) with ₹32,949 surplus."
237,ATM-337,atm35000201,BOSTANLI DÜKKAN (ATM-337),Guntur,2018 SK. NO:7 PAZARYERİ BOSTANLI,16.27199,80.431336,150000.0,5000.0,4863.25,1458.97,6322.23,1322.23,0.0,20.9,MEDIUM,MEDIUM,2020-01-07 10:00,120.0,"MEDIUM RISK: Minor cash deficit of ₹1,322 against projected demand + 30% reserve buffer."
238,ATM-338,atm35000202,BOSTANLI ŞUBE-1 (ATM-338),Guntur,Cemal Gürsel Caddesi No: 526 / A Bostanlı,16.271715,80.555377,200000.0,17990.0,4783.85,1435.15,6219.01,0.0,11770.99,0.0,LOW,LOW,2020-01-07 10:00,,"LOW RISK: Cash reserves (₹17,990) comfortably cover predicted demand (₹4,784) and safety reserve (₹1,435) with ₹11,771 surplus."
239,ATM-339,atm35000203,BOSTANLI ŞUBE-2 (ATM-339),Guntur,Cemal Gürsel Caddesi No: 526 / A Bostanlı,16.262576,80.563244,200000.0,36005.0,4855.13,1456.54,6311.67,0.0,29693.33,0.0,LOW,LOW,2020-01-07 10:00,,"LOW RISK: Cash reserves (₹36,005) comfortably cover predicted demand (₹4,855) and safety reserve (₹1,457) with ₹29,693 surplus."
240,ATM-340,atm35000204,CUMHURİYET MH. 6653 SOK. (ATM-340),Guntur,CUMHURİYET MAH. 6653 SOK.,16.320884,80.432716,80000.0,17615.0,4756.48,1426.94,6183.42,0.0,11431.58,0.0,LOW,LOW,2020-01-07 10:00,,"LOW RISK: Cash reserves (₹17,615) comfortably cover predicted demand (₹4,756) and safety reserve (₹1,427) with ₹11,432 surplus."
241,ATM-341,atm35000205,DEMİRKÖPRÜ METRO (ATM-341),Guntur,DEMİRKÖPRÜ METRO İÇİ,16.339246,80.561343,100000.0,17415.0,4889.58,1466.87,6356.45,0.0,11058.55,0.0,LOW,LOW,2020-01-07 10:00,,"LOW RISK: Cash reserves (₹17,415) comfortably cover predicted demand (₹4,890) and safety reserve (₹1,467) with ₹11,059 surplus."
242,ATM-342,atm35000206,EGEPARK MAVİŞEHİR AVM (ATM-342),Guntur,EGEPARK AVM,16.341495,80.456784,100000.0,20735.0,5851.07,1755.32,7606.39,0.0,13128.61,0.0,LOW,LOW,2020-01-07 10:00,,"LOW RISK: Cash reserves (₹20,735) comfortably cover predicted demand (₹5,851) and safety reserve (₹1,755) with ₹13,129 surplus."
243,ATM-343,atm35000207,GİRNE CADDESİ ŞB-1 (ATM-343),Guntur,Bahçelievler Mahallesi Girne Caddesi No: 170 / A,16.332231,80.450068,80000.0,40365.0,4850.45,1455.13,6305.59,0.0,34059.42,0.0,LOW,LOW,2020-01-07 10:00,,"LOW RISK: Cash reserves (₹40,365) comfortably cover predicted demand (₹4,850) and safety reserve (₹1,455) with ₹34,059 surplus."
244,ATM-344,atm35000208,GİRNE CADDESİ ŞB-2 (ATM-344),Guntur,Bahçelievler Mahallesi Girne Caddesi No: 170 / A,16.285274,80.380761,150000.0,12440.0,4816.0,1444.8,6260.8,0.0,6179.2,0.0,LOW,LOW,2020-01-07 10:00,,"LOW RISK: Cash reserves (₹12,440) comfortably cover predicted demand (₹4,816) and safety reserve (₹1,445) with ₹6,179 surplus."
245,ATM-345,atm35000209,GİRNE CADDESİ ŞB-3 (ATM-345),Guntur,Bahçelievler Mahallesi Girne Caddesi No: 170 / A,16.311711,80.48116,120000.0,21635.0,4814.57,1444.37,6258.94,0.0,15376.06,0.0,LOW,LOW,2020-01-07 10:00,,"LOW RISK: Cash reserves (₹21,635) comfortably cover predicted demand (₹4,815) and safety reserve (₹1,444) with ₹15,376 surplus."
246,ATM-346,atm35000210,GÜN SAZAK BULVARI (ATM-346),Guntur,1831 SK. GÜNSAZAK BULVARI NO:26/G KARŞIYAKA-İZMİR,16.21662,80.464388,100000.0,44595.0,4863.81,1459.14,6322.95,0.0,38272.05,0.0,LOW,LOW,2020-01-07 10:00,,"LOW RISK: Cash reserves (₹44,595) comfortably cover predicted demand (₹4,864) and safety reserve (₹1,459) with ₹38,272 surplus."
247,ATM-347,atm35000211,İSKELE-1 KARŞIYAKA (ATM-347),Guntur,KARŞIYAKA VAPUR İSKELESİ ÖNÜ,16.335246,80.31373,200000.0,19440.0,4797.96,1439.39,6237.35,0.0,13202.65,0.0,LOW,LOW,2020-01-07 10:00,,"LOW RISK: Cash reserves (₹19,440) comfortably cover predicted demand (₹4,798) and safety reserve (₹1,439) with ₹13,203 surplus."
248,ATM-348,atm35000212,İSKELE-2 KARŞIYAKA (ATM-348),Guntur,KARŞIYAKA VAPUR İSKELESİ ÖNÜ,16.38791,80.399041,150000.0,28395.0,4791.27,1437.38,6228.65,0.0,22166.35,0.0,LOW,LOW,2020-01-07 10:00,,"LOW RISK: Cash reserves (₹28,395) comfortably cover predicted demand (₹4,791) and safety reserve (₹1,437) with ₹22,166 surplus."
249,ATM-349,atm35000213,İSKELE-3 KARŞIYAKA (ATM-349),Guntur,YALI CAD. NO:35/B VAPUR İSKELESİ,16.310069,80.458491,100000.0,6030.0,4863.09,1458.93,6322.02,292.02,0.0,4.6,MEDIUM,MEDIUM,2020-01-07 10:00,120.0,MEDIUM RISK: Minor cash deficit of ₹292 against projected demand + 30% reserve buffer.
250,ATM-350,atm35000214,İZMİR MEDİCAL PARK HAST. (ATM-350),Guntur,İMBATLI MAHALLESİ 1825. SK. NO:16,16.36196,80.326307,80000.0,21755.0,4835.58,1450.67,6286.25,0.0,15468.75,0.0,LOW,LOW,2020-01-07 10:00,,"LOW RISK: Cash reserves (₹21,755) comfortably cover predicted demand (₹4,836) and safety reserve (₹1,451) with ₹15,469 surplus."
251,ATM-351,atm35000215,KARŞIYAKA ALAYBEY (ATM-351),Guntur,1869 SK.HİDAYET ERZEYBEK CD.NO:61/B,16.310555,80.421863,200000.0,17205.0,4849.66,1454.9,6304.56,0.0,10900.44,0.0,LOW,LOW,2020-01-07 10:00,,"LOW RISK: Cash reserves (₹17,205) comfortably cover predicted demand (₹4,850) and safety reserve (₹1,455) with ₹10,900 surplus."
252,ATM-352,atm35000216,KARŞIYAKA ANADOLU CAD (ATM-352),Guntur,KARŞIYAKA ANADOLU CAD. ERDOĞAN AKKAYA SOK. KESİŞİMİ,16.216327,80.392763,120000.0,33270.0,4879.51,1463.85,6343.36,0.0,26926.64,0.0,LOW,LOW,2020-01-07 10:00,,"LOW RISK: Cash reserves (₹33,270) comfortably cover predicted demand (₹4,880) and safety reserve (₹1,464) with ₹26,927 surplus."
253,ATM-353,atm35000217,KARŞIYAKA B.ÜÇOK BLV. (ATM-353),Guntur,BAHARİYE MAHALLESİ ATATÜRK BLV. 8-2,16.246475,80.449003,120000.0,12575.0,4771.78,1431.53,6203.31,0.0,6371.69,0.0,LOW,LOW,2020-01-07 10:00,,"LOW RISK: Cash reserves (₹12,575) comfortably cover predicted demand (₹4,772) and safety reserve (₹1,432) with ₹6,372 surplus."
254,ATM-354,atm35000218,KARŞIYAKA CARREFOUR (ATM-354),Guntur,ZÜBEYDE HANIM MAH. 7532. SOK. NO: 122/B-C,16.394267,80.40214,200000.0,6550.0,4882.55,1464.77,6347.32,0.0,202.68,0.0,LOW,LOW,2020-01-07 10:00,,"LOW RISK: Cash reserves (₹6,550) comfortably cover predicted demand (₹4,883) and safety reserve (₹1,465) with ₹203 surplus."
255,ATM-355,atm35000219,KARŞIYAKA ÇARŞI ŞUBE-1 (ATM-355),Guntur,Donanmacı Mahallesi Kemalpaşa Caddesi No: 25,16.238422,80.465831,200000.0,30195.0,4891.9,1467.57,6359.47,0.0,23835.53,0.0,LOW,LOW,2020-01-07 10:00,,"LOW RISK: Cash reserves (₹30,195) comfortably cover predicted demand (₹4,892) and safety reserve (₹1,468) with ₹23,836 surplus."
256,ATM-356,atm35000220,KARŞIYAKA ÇARŞI ŞUBE-2 (ATM-356),Guntur,DONANMACI MAHALLESİ KEMALPAŞA CADDESİ NO: 25,16.295662,80.441734,120000.0,5000.0,4800.24,1440.07,6240.31,1240.31,0.0,19.9,MEDIUM,MEDIUM,2020-01-07 10:00,120.0,"MEDIUM RISK: Minor cash deficit of ₹1,240 against projected demand + 30% reserve buffer."
257,ATM-357,atm35000221,KARŞIYAKA HİLLTOWN (ATM-357),Guntur,YALI 6523. SK. NO:12,16.387343,80.450276,100000.0,22840.0,4776.29,1432.89,6209.18,0.0,16630.82,0.0,LOW,LOW,2020-01-07 10:00,,"LOW RISK: Cash reserves (₹22,840) comfortably cover predicted demand (₹4,776) and safety reserve (₹1,433) with ₹16,631 surplus."
258,ATM-358,atm35000222,KARŞIYAKA İZBAN METRO-1- (ATM-358),Guntur,KARŞIYAKA METRO İSTASYONU,16.371455,80.323968,200000.0,28000.0,4856.78,1457.03,6313.81,0.0,21686.19,0.0,LOW,LOW,2020-01-07 10:00,,"LOW RISK: Cash reserves (₹28,000) comfortably cover predicted demand (₹4,857) and safety reserve (₹1,457) with ₹21,686 surplus."
259,ATM-359,atm35000223,KARŞIYAKA İZBAN METRO-2 (ATM-359),Guntur,KARŞIYAKA İSTASYONU,16.385696,80.44729,120000.0,36010.0,4792.71,1437.81,6230.52,0.0,29779.48,0.0,LOW,LOW,2020-01-07 10:00,,"LOW RISK: Cash reserves (₹36,010) comfortably cover predicted demand (₹4,793) and safety reserve (₹1,438) with ₹29,779 surplus."
260,ATM-360,atm35000224,KARŞIYAKA KİLİSE SOKAK (ATM-360),Guntur,DONANMACI MAHALLESİ 1728. SK. NO:64,16.313144,80.355164,100000.0,6405.0,4744.3,1423.29,6167.59,0.0,237.41,0.0,LOW,LOW,2020-01-07 10:00,,"LOW RISK: Cash reserves (₹6,405) comfortably cover predicted demand (₹4,744) and safety reserve (₹1,423) with ₹237 surplus."
261,ATM-361,atm35000225,KARŞIYAKA ŞUBE-1 (ATM-361),Guntur,Karşıyaka Vapur İskelesi Yalı Caddesi No: 35 / B,16.268833,80.381099,120000.0,21580.0,4882.06,1464.62,6346.68,0.0,15233.32,0.0,LOW,LOW,2020-01-07 10:00,,"LOW RISK: Cash reserves (₹21,580) comfortably cover predicted demand (₹4,882) and safety reserve (₹1,465) with ₹15,233 surplus."
262,ATM-362,atm35000226,KARŞIYAKA TERSANE (ATM-362),Guntur,TERSANE MAHALLESİ 1675 SOKAK NO:145/C ALAYBEY,16.281247,80.420742,150000.0,15990.0,4853.47,1456.04,6309.51,0.0,9680.49,0.0,LOW,LOW,2020-01-07 10:00,,"LOW RISK: Cash reserves (₹15,990) comfortably cover predicted demand (₹4,853) and safety reserve (₹1,456) with ₹9,680 surplus."
263,ATM-363,atm35000227,MAVİBAHÇE AVM (ATM-363),Guntur,MAVİBAHÇE AVM 2040/3 SK.,16.182133,80.46125,150000.0,5000.0,5738.13,1721.44,7459.57,2459.57,0.0,33.0,HIGH,HIGH,2020-01-07 10:00,105.0,"HIGH RISK: Current cash balance (₹5,000) will dip into the safety buffer (₹1,721) under expected demand (₹5,738). Shortage: ₹2,460."
264,ATM-364,atm35000228,MAVİŞEHİR ALBATROS SİTESİ (ATM-364),Guntur,ALBATROS SİTESİ MAVİŞEHİR,16.283445,80.392339,100000.0,26175.0,4829.21,1448.76,6277.97,0.0,19897.03,0.0,LOW,LOW,2020-01-07 10:00,,"LOW RISK: Cash reserves (₹26,175) comfortably cover predicted demand (₹4,829) and safety reserve (₹1,449) with ₹19,897 surplus."
265,ATM-365,atm35000229,MAVİŞEHİR AZİZ NESİN BLV. (ATM-365),Guntur,"MAVİŞEHİR MAHALLESİ,39645,12,13,515,870,25,Wednesday,2020-01-01 01:00:00
atm35000230,MAVİŞEHİR ŞUBE-1,Izmir,Yalı Mahallesi Caher Dudayev Bulvarı No:70 / A,39640,7,10,290,650,17,Wednesday,2020-01-01 01:00:00
atm35000231,MAVİŞEHİR ŞUBE-2,Izmir,Yalı Mahallesi Caher Dudayev Bulvarı No:70 / A,39620,3,7,155,535,10,Wednesday,2020-01-01 01:00:00
atm35000232,MİGROS MMM BOSTANLI,Izmir,BOSTANLI MAHALLESİ 1787/1. SK. NO:16,39355,5,18,230,875,23,Wednesday,2020-01-01 01:00:00
atm35000233,NERGİZ METRO DÜKKAN,Izmir,NERGİZ MAH.1671 SOKAK NO:168/B,39730,7,10,385,655,17,Wednesday,2020-01-01 01:00:00
atm35000234,SOYAK YALI MAHALLESİ,Izmir,YALI MAH. 6523. SOK. PARKYAŞAM TİCARET AVM NO: 32/A-B,39385,8,17,430,1045,25,Wednesday,2020-01-01 01:00:00
atm35000235,ŞEMİKLER/KARŞIYAKA,Izmir,YALI MAH.6418 SOK.ŞEMİKLER,40295,7,1,395,100,8,Wednesday,2020-01-01 01:00:00
atm35000236,ŞEMİKLER ERDOĞAN AKKAYA C,Izmir,ŞEMİKLER ÇARŞI ERDOĞAN AKKAYA SK.,40065,11,12,385,320,23,Wednesday,2020-01-01 01:00:00
atm35000237,ŞEMİKLER MEYDAN,Izmir,ŞEMİKLER MEYDANI 1671 SK.378/B,41070,19,10,1545,475,29,Wednesday,2020-01-01 01:00:00
atm35000238,YENİ GİRNE/KARŞIYAKA ŞB-1,Izmir,Örnekköy Mahallesi Girne Bulvarı No: 263 / A,40850,18,5,1270,420,23,Wednesday,2020-01-01 01:00:00
atm35000239,YENİ GİRNE/KARŞIYAKA ŞB-2,Izmir,Örnekköy Mahallesi Girne Bulvarı No: 263 / A,39610,15,19,565,955,34,Wednesday,2020-01-01 01:00:00
atm35000240,BANVİT KEMALPAŞA,Izmir,MEHMET AKİF ERSOY MAHALLESİ 217. SK. NO:7,39345,9,16,350,1005,25,Wednesday,2020-01-01 01:00:00
atm35000241,KEMALPAŞA İNÖNÜ CADDESİ,Izmir,KEMALPAŞA İNÖNÜ CAD.MERKEZ,39490,2,11,120,630,13,Wednesday,2020-01-01 01:00:00
atm35000242,KEMALPAŞA ŞUBE-1,Izmir,Atatürk Mahallesi İzmir Caddesi No: 13 / A,39605,4,12,455,850,16,Wednesday,2020-01-01 01:00:00
atm35000243,KEMALPAŞA ŞUBE-2,Izmir,Atatürk Mahallesi İzmir Caddesi No: 13 / A,39745,4,5,90,345,9,Wednesday,2020-01-01 01:00:00
atm35000244,KEMALPAŞA TELEKOM,Izmir,SOĞUKPINAR MAHALLESİ BELEDİYE CD. 29 C,39305,5,14,215,910,19,Wednesday,2020-01-01 01:00:00
atm35000245,PEPSİ KEMALPAŞA,Izmir,KEMALPAŞA ASFALTI NO:57 KEMALPAŞA,40600,4,0,600,0,4,Wednesday,2020-01-01 01:00:00
atm35000246,PINAR ET/KEMALPAŞA,Izmir,ANKARA ASFALTI 25 KM KEMALPAŞA,39290,0,14,0,710,14,Wednesday,2020-01-01 01:00:00
atm35000247,KINIK,Izmir,AŞAĞI MAH.CUMHURİYET CAD. NO:7,40075,6,7,500,425,13,Wednesday,2020-01-01 01:00:00
atm35000248,ÖDEMİŞ KİRAZ,Izmir,KİRAZ MEYDAN,39205,0,11,0,795,11,Wednesday,2020-01-01 01:00:00
atm35000249,1.SANAYİ SİTESİ ŞB,Izmir,2822. Sokak No: 91 1.Sanayii Sitesi,41150,16,2,1270,120,18,Wednesday,2020-01-01 01:00:00
atm35000250,ALSANCAK İZBAN METRO,Izmir,ALSANCAK METRO İSTASYONU,39690,5,10,225,535,15,Wednesday,2020-01-01 01:00:00
atm35000251,ALSANCAK LİMAN ŞUBE-1,Izmir,ATATÜRK CADDESİ NO: 386 / A,41040,18,10,1450,410,28,Wednesday,2020-01-01 01:00:00
atm35000252,ALSANCAK LİMAN ŞUBE-2,Izmir,Alsancak Mahallesi Atatürk Caddesi No: 432,39585,6,11,210,625,17,Wednesday,2020-01-01 01:00:00
atm35000253,ALSANCAK MİGROS,Izmir,TALATPAŞA BULVARI NO:59/A ALSANCAK,38830,2,18,110,1280,20,Wednesday,2020-01-01 01:00:00
atm35000254,ALSANCAK ŞUBE-1,Izmir,Kültür Mahallesi Dr. Mustafa Enver Bey Caddesi No: 22 / A,39730,0,3,0,270,3,Wednesday,2020-01-01 01:00:00
atm35000255,ALSANCAK ŞUBE-2,Izmir,Kültür Mahallesi Dr. Mustafa Enver Bey Caddesi No: 22 / A,40350,3,0,350,0,3,Wednesday,2020-01-01 01:00:00
atm35000256,ATILLA MAH.INONU CAD.,Izmir,ATİLLA MAHALLESİ İNÖNÜ CD. 39 A,40485,10,7,845,360,17,Wednesday,2020-01-01 01:00:00
atm35000257,BASMANE-1,Izmir,FEVZİ PAŞA BULV.İKBAL İŞ MERK.NO:151,39510,2,15,150,640,17,Wednesday,2020-01-01 01:00:00
atm35000258,BASMANE ŞUBE-1-,Izmir,İsmet Kaptan Mahallesi Fevzipaşa Bulvarı No:123,40430,4,0,430,0,4,Wednesday,2020-01-01 01:00:00
atm35000259,BASMANE ŞUBE-2-,Izmir,İsmet Kaptan Mahallesi Fevzipaşa Bulvarı No:123,39890,15,13,775,885,28,Wednesday,2020-01-01 01:00:00
atm35000260,BUCA DOĞUŞ CADDESİ,Izmir,DOKUZ EYLÜL ÜNİVERSİTESİ TINAZTEPE YERLEŞKESİ KARŞISI DOĞUŞ CADDESİ,39765,14,15,885,1120,29,Wednesday,2020-01-01 01:00:00
atm35000261,ÇANKAYA MİGROS İZMİR,Izmir,İKİÇEŞMELİK CAD. ÇOK KATLI OTOPARK ALTI,40290,7,8,590,300,15,Wednesday,2020-01-01 01:00:00
atm35000262,EGEPOL HASTANESİ,Izmir,EGEPOL HASTANESİ ÖNÜ,39675,3,10,170,495,13,Wednesday,2020-01-01 01:00:00
atm35000263,EŞREFPAŞA CAD.DÜKKAN,Izmir,EŞREFPAŞA CD.NO:289 KONAK,39260,1,19,50,790,20,Wednesday,2020-01-01 01:00:00
atm35000264,GÖZTEPE MİTHATPAŞA CAD.,Izmir,GOZTEPE MAHALLESİ",16.290095,80.389673,120000.0,22655.0,4735.31,1420.59,6155.9,0.0,16499.1,0.0,LOW,LOW,2020-01-07 10:00,,"LOW RISK: Cash reserves (₹22,655) comfortably cover predicted demand (₹4,735) and safety reserve (₹1,421) with ₹16,499 surplus."
266,ATM-366,atm35000265,GÜZELYALI ŞUBE-1 (ATM-366),Guntur,Göztepe Mahallesi Mithatpaşa Caddesi A-B Apartmanı No: 907 / 1-2,16.234561,80.490783,200000.0,13315.0,4778.21,1433.46,6211.67,0.0,7103.33,0.0,LOW,LOW,2020-01-07 10:00,,"LOW RISK: Cash reserves (₹13,315) comfortably cover predicted demand (₹4,778) and safety reserve (₹1,433) with ₹7,103 surplus."
267,ATM-367,atm35000266,HALİTZİYA ŞUBE-1 (ATM-367),Guntur,Akdeniz Mahallesi Mimar Kemalettin Caddesi No: 9 - 9A,16.316685,80.442926,120000.0,37975.0,4820.09,1446.03,6266.12,0.0,31708.88,0.0,LOW,LOW,2020-01-07 10:00,,"LOW RISK: Cash reserves (₹37,975) comfortably cover predicted demand (₹4,820) and safety reserve (₹1,446) with ₹31,709 surplus."
268,ATM-368,atm35000267,HALİTZİYA ŞUBE-2 (ATM-368),Guntur,Akdeniz Mahallesi Mimar Kemalettin Caddesi No: 9 - 9A,16.352983,80.427359,150000.0,8405.0,4791.08,1437.32,6228.4,0.0,2176.6,0.0,LOW,LOW,2020-01-07 10:00,,"LOW RISK: Cash reserves (₹8,405) comfortably cover predicted demand (₹4,791) and safety reserve (₹1,437) with ₹2,177 surplus."
269,ATM-369,atm35000268,HATAY CADDESİ (ATM-369),Guntur,HATAY CD.ŞB CİVARI,16.358389,80.330683,80000.0,35695.0,4854.44,1456.33,6310.77,0.0,29384.23,0.0,LOW,LOW,2020-01-07 10:00,,"LOW RISK: Cash reserves (₹35,695) comfortably cover predicted demand (₹4,854) and safety reserve (₹1,456) with ₹29,384 surplus."
270,ATM-370,atm35000269,HATAY İNÖNÜ CAD. DÜKKAN (ATM-370),Guntur,İNÖNÜ CD.HATAY/KONAK,16.221468,80.41215,150000.0,33535.0,4758.89,1427.67,6186.56,0.0,27348.44,0.0,LOW,LOW,2020-01-07 10:00,,"LOW RISK: Cash reserves (₹33,535) comfortably cover predicted demand (₹4,759) and safety reserve (₹1,428) with ₹27,348 surplus."
271,ATM-371,atm35000270,HIFZISIHHA İZMİR (ATM-371),Guntur,RAUFBEY APARTMANI 52/18 SK.NO:2 POLİGON KONAK,16.292896,80.434826,200000.0,37930.0,4849.11,1454.73,6303.84,0.0,31626.16,0.0,LOW,LOW,2020-01-07 10:00,,"LOW RISK: Cash reserves (₹37,930) comfortably cover predicted demand (₹4,849) and safety reserve (₹1,455) with ₹31,626 surplus."
272,ATM-372,atm35000271,HİLAL İZBAN METRO (ATM-372),Guntur,HİLAL İZBAN METRO KONAK,16.235769,80.362216,80000.0,38035.0,4782.22,1434.67,6216.89,0.0,31818.11,0.0,LOW,LOW,2020-01-07 10:00,,"LOW RISK: Cash reserves (₹38,035) comfortably cover predicted demand (₹4,782) and safety reserve (₹1,435) with ₹31,818 surplus."
273,ATM-373,atm35000272,İZMİR EGE PERLA AVM (ATM-373),Guntur,ÇINARLI MAHALLESİ 1583. SK. NO:10,16.275903,80.426248,120000.0,8335.0,5757.81,1727.34,7485.15,0.0,849.85,0.0,LOW,LOW,2020-01-07 10:00,,"LOW RISK: Cash reserves (₹8,335) comfortably cover predicted demand (₹5,758) and safety reserve (₹1,727) with ₹850 surplus."
274,ATM-374,atm35000273,İZMİR GOP BULVARI (ATM-374),Guntur,GOP CD.NO:35 KONAK,16.287123,80.375996,80000.0,5000.0,4833.31,1449.99,6283.3,1283.3,0.0,20.4,MEDIUM,MEDIUM,2020-01-07 10:00,120.0,"MEDIUM RISK: Minor cash deficit of ₹1,283 against projected demand + 30% reserve buffer."
275,ATM-375,atm35000274,İZMİR MISTRAL AVM (ATM-375),Guntur,ÇINARLI MAHALLESİ ANKARA CD. YANYOLU 28-4,16.299328,80.428319,100000.0,20420.0,5739.53,1721.86,7461.39,0.0,12958.61,0.0,LOW,LOW,2020-01-07 10:00,,"LOW RISK: Cash reserves (₹20,420) comfortably cover predicted demand (₹5,740) and safety reserve (₹1,722) with ₹12,959 surplus."
276,ATM-376,atm35000275,İZMİR PARK AVM (ATM-376),Guntur,EŞREFPAŞA CD.NO:408 KONAK,16.271383,80.528175,80000.0,36770.0,5813.73,1744.12,7557.85,0.0,29212.15,0.0,LOW,LOW,2020-01-07 10:00,,"LOW RISK: Cash reserves (₹36,770) comfortably cover predicted demand (₹5,814) and safety reserve (₹1,744) with ₹29,212 surplus."
277,ATM-377,atm35000276,İZMİR TİCARİ ŞUBE-1 (ATM-377),Guntur,Fevzipaşa Bulvarı No: 1,16.369508,80.479905,80000.0,18920.0,4857.83,1457.35,6315.18,0.0,12604.82,0.0,LOW,LOW,2020-01-07 10:00,,"LOW RISK: Cash reserves (₹18,920) comfortably cover predicted demand (₹4,858) and safety reserve (₹1,457) with ₹12,605 surplus."
278,ATM-378,atm35000277,İZMİR TİCARİ ŞUBE-2 (ATM-378),Guntur,Fevzipaşa Bulvarı No: 1,16.354164,80.48148,100000.0,9335.0,4769.38,1430.81,6200.19,0.0,3134.81,0.0,LOW,LOW,2020-01-07 10:00,,"LOW RISK: Cash reserves (₹9,335) comfortably cover predicted demand (₹4,769) and safety reserve (₹1,431) with ₹3,135 surplus."
279,ATM-379,atm35000278,KARATAŞ MİTHATPAŞA (ATM-379),Guntur,MİTHATPAŞA CD.NO:189/A KARATAŞ,16.292386,80.366472,200000.0,13750.0,4861.25,1458.38,6319.62,0.0,7430.38,0.0,LOW,LOW,2020-01-07 10:00,,"LOW RISK: Cash reserves (₹13,750) comfortably cover predicted demand (₹4,861) and safety reserve (₹1,458) with ₹7,430 surplus."
280,ATM-380,atm35000279,KEMERALTI KONAK 928.SOKAK (ATM-380),Guntur,GÜZELYURT MAHALLESİ 928. SK. NO:33,16.225409,80.486239,150000.0,12240.0,4812.46,1443.74,6256.2,0.0,5983.8,0.0,LOW,LOW,2020-01-07 10:00,,"LOW RISK: Cash reserves (₹12,240) comfortably cover predicted demand (₹4,812) and safety reserve (₹1,444) with ₹5,984 surplus."
281,ATM-381,atm35000280,KEMERALTI ŞUBE-1 (ATM-381),Guntur,AHMETAĞA MAHALLESİ 863 SOKAK NO: 48 / 1 A,16.311748,80.569962,200000.0,16760.0,4754.48,1426.34,6180.82,0.0,10579.18,0.0,LOW,LOW,2020-01-07 10:00,,"LOW RISK: Cash reserves (₹16,760) comfortably cover predicted demand (₹4,754) and safety reserve (₹1,426) with ₹10,579 surplus."
282,ATM-382,atm35000281,KEMERALTI ŞUBE-2 (ATM-382),Guntur,Ahmetağa Mahallesi 863 Sokak No: 48 / 1 A,16.315836,80.460813,200000.0,21175.0,4878.02,1463.41,6341.43,0.0,14833.57,0.0,LOW,LOW,2020-01-07 10:00,,"LOW RISK: Cash reserves (₹21,175) comfortably cover predicted demand (₹4,878) and safety reserve (₹1,463) with ₹14,834 surplus."
283,ATM-383,atm35000282,KIBRIS ŞEHİTLERİ ŞUBE-1 (ATM-383),Guntur,Kıbrıs Şehitleri Caddesi 1443 Sokak No: 64,16.357478,80.386394,80000.0,40310.0,4844.25,1453.27,6297.52,0.0,34012.47,0.0,LOW,LOW,2020-01-07 10:00,,"LOW RISK: Cash reserves (₹40,310) comfortably cover predicted demand (₹4,844) and safety reserve (₹1,453) with ₹34,012 surplus."
284,ATM-384,atm35000283,KIBRIS ŞEHİTLERİ ŞUBE-2 (ATM-384),Guntur,Kıbrıs Şehitleri Caddesi 1443 Sokak No: 64,16.316973,80.394819,150000.0,23105.0,4815.69,1444.71,6260.4,0.0,16844.6,0.0,LOW,LOW,2020-01-07 10:00,,"LOW RISK: Cash reserves (₹23,105) comfortably cover predicted demand (₹4,816) and safety reserve (₹1,445) with ₹16,845 surplus."
285,ATM-385,atm35000284,KONAK BAHRİBABA METRO (ATM-385),Guntur,İZMİR KONAK METRO İSTASYONU,16.31824,80.386715,120000.0,33535.0,4831.11,1449.33,6280.44,0.0,27254.56,0.0,LOW,LOW,2020-01-07 10:00,,"LOW RISK: Cash reserves (₹33,535) comfortably cover predicted demand (₹4,831) and safety reserve (₹1,449) with ₹27,255 surplus."
286,ATM-386,atm35000285,KONAK GAZİ CADDESİ (ATM-386),Guntur,GAZİ BUL.NO:87-C ÇANKAYA,16.284475,80.547132,120000.0,5000.0,4860.67,1458.2,6318.87,1318.87,0.0,20.9,MEDIUM,MEDIUM,2020-01-07 10:00,120.0,"MEDIUM RISK: Minor cash deficit of ₹1,319 against projected demand + 30% reserve buffer."
287,ATM-387,atm35000286,KONAK GÜLTEPE MAHALLESİ (ATM-387),Guntur,SELİMİYE CAD.NO:21/A KONAK,16.20978,80.381048,150000.0,32940.0,4750.53,1425.16,6175.69,0.0,26764.31,0.0,LOW,LOW,2020-01-07 10:00,,"LOW RISK: Cash reserves (₹32,940) comfortably cover predicted demand (₹4,751) and safety reserve (₹1,425) with ₹26,764 surplus."
288,ATM-388,atm35000287,KONAK METRO İSTASYONU ATM (ATM-388),Guntur,KONAK METRO İSTASYONU,16.199069,80.475646,150000.0,5000.0,4888.28,1466.48,6354.76,1354.76,0.0,21.3,MEDIUM,MEDIUM,2020-01-07 10:00,120.0,"MEDIUM RISK: Minor cash deficit of ₹1,355 against projected demand + 30% reserve buffer."
289,ATM-389,atm35000288,KONAK ŞUBE-1 (ATM-389),Guntur,Konak Mahallesi Cumhuriyet Bulvarı No: 20,16.259523,80.419871,200000.0,32435.0,4759.01,1427.7,6186.71,0.0,26248.29,0.0,LOW,LOW,2020-01-07 10:00,,"LOW RISK: Cash reserves (₹32,435) comfortably cover predicted demand (₹4,759) and safety reserve (₹1,428) with ₹26,248 surplus."
290,ATM-390,atm35000289,KONAK ŞUBE-2 (ATM-390),Guntur,Konak Mahallesi Cumhuriyet Bulvarı No: 20,16.355749,80.413561,100000.0,12770.0,4744.22,1423.27,6167.49,0.0,6602.51,0.0,LOW,LOW,2020-01-07 10:00,,"LOW RISK: Cash reserves (₹12,770) comfortably cover predicted demand (₹4,744) and safety reserve (₹1,423) with ₹6,603 surplus."
291,ATM-391,atm35000290,KONAK ŞUBE-3 (ATM-391),Guntur,CUMHURİYET BULVARI NO: 20 / A,16.315714,80.569803,150000.0,36730.0,4841.27,1452.38,6293.65,0.0,30436.35,0.0,LOW,LOW,2020-01-07 10:00,,"LOW RISK: Cash reserves (₹36,730) comfortably cover predicted demand (₹4,841) and safety reserve (₹1,452) with ₹30,436 surplus."
292,ATM-392,atm35000291,KONAK TELEKOM (ATM-392),Guntur,AKDENİZ MAHALLESİ FEVZİ PAŞA BLV NO:13,16.312459,80.399438,80000.0,13235.0,4797.98,1439.39,6237.37,0.0,6997.63,0.0,LOW,LOW,2020-01-07 10:00,,"LOW RISK: Cash reserves (₹13,235) comfortably cover predicted demand (₹4,798) and safety reserve (₹1,439) with ₹6,998 surplus."
293,ATM-393,atm35000292,KONAK YENİŞEHİR TELEKOM (ATM-393),Guntur,GAZİLER CD.NO:359 YENİŞEHİR,16.260891,80.444683,150000.0,5000.0,4727.24,1418.17,6145.41,1145.41,0.0,18.6,MEDIUM,MEDIUM,2020-01-07 10:00,120.0,"MEDIUM RISK: Minor cash deficit of ₹1,145 against projected demand + 30% reserve buffer."
294,ATM-394,atm35000293,KORDON ŞUBE-1 (ATM-394),Guntur,Kültür Mahallesi Cumhuriyet Bulvarı No:129 / A,16.278387,80.387543,100000.0,9545.0,4755.06,1426.52,6181.58,0.0,3363.42,0.0,LOW,LOW,2020-01-07 10:00,,"LOW RISK: Cash reserves (₹9,545) comfortably cover predicted demand (₹4,755) and safety reserve (₹1,427) with ₹3,363 surplus."
295,ATM-395,atm35000294,KORDON ŞUBE-2 (ATM-395),Guntur,Kültür Mahallesi Cumhuriyet Bulvarı No:129 / A,16.373202,80.452914,200000.0,17805.0,4743.56,1423.07,6166.63,0.0,11638.37,0.0,LOW,LOW,2020-01-07 10:00,,"LOW RISK: Cash reserves (₹17,805) comfortably cover predicted demand (₹4,744) and safety reserve (₹1,423) with ₹11,638 surplus."
296,ATM-396,atm35000295,LOZAN MEYDAN (ATM-396),Guntur,LOZAN PASTANESİ PLEVNE BUL.NO:25 ALSANCAK,16.244445,80.551062,80000.0,17255.0,4848.15,1454.44,6302.59,0.0,10952.41,0.0,LOW,LOW,2020-01-07 10:00,,"LOW RISK: Cash reserves (₹17,255) comfortably cover predicted demand (₹4,848) and safety reserve (₹1,454) with ₹10,952 surplus."
297,ATM-397,atm35000296,POLİGON KİPA (ATM-397),Guntur,KIRK SOKAK NO:66,16.199599,80.480434,200000.0,10590.0,4904.68,1471.4,6376.08,0.0,4213.92,0.0,LOW,LOW,2020-01-07 10:00,,"LOW RISK: Cash reserves (₹10,590) comfortably cover predicted demand (₹4,905) and safety reserve (₹1,471) with ₹4,214 surplus."
298,ATM-398,atm35000297,SUAT SEREN GÖĞÜS HAST. (ATM-398),Guntur,GAZİLER CD.S.SEREN GÖĞ.HAST.,16.425721,80.448496,100000.0,20370.0,4782.4,1434.72,6217.12,0.0,14152.88,0.0,LOW,LOW,2020-01-07 10:00,,"LOW RISK: Cash reserves (₹20,370) comfortably cover predicted demand (₹4,782) and safety reserve (₹1,435) with ₹14,153 surplus."
299,ATM-399,atm35000298,SWISS OTEL (ATM-399),Guntur,KONAK SWISS OTELİ İÇİ,16.274141,80.386731,100000.0,16360.0,4767.66,1430.3,6197.96,0.0,10162.04,0.0,LOW,LOW,2020-01-07 10:00,,"LOW RISK: Cash reserves (₹16,360) comfortably cover predicted demand (₹4,768) and safety reserve (₹1,430) with ₹10,162 surplus."
300,ATM-400,atm35000299,TOPTANCILAR ÇARŞISI ŞB-1 (ATM-400),Guntur,1202 / 6 Sokak No: 60-62,16.309936,80.419703,120000.0,6065.0,4751.46,1425.44,6176.9,111.9,0.0,1.8,MEDIUM,MEDIUM,2020-01-07 10:00,120.0,MEDIUM RISK: Minor cash deficit of ₹112 against projected demand + 30% reserve buffer.
301,ATM-401,atm35000300,TOPTANCILAR ÇARŞISI ŞB-2 (ATM-401),Guntur,1202 / 6 Sokak No: 60-62,16.289441,80.388725,80000.0,9195.0,4799.89,1439.97,6239.86,0.0,2955.14,0.0,LOW,LOW,2020-01-07 10:00,,"LOW RISK: Cash reserves (₹9,195) comfortably cover predicted demand (₹4,800) and safety reserve (₹1,440) with ₹2,955 surplus."
302,ATM-402,atm35000301,ÜÇKUYULAR ŞUBE-1- (ATM-402),Guntur,MEHMET ALİ AKMAN MAHALLESİ İNÖNÜ CADDESİ NO: 582 / A,16.374059,80.342832,200000.0,10735.0,4894.08,1468.22,6362.3,0.0,4372.7,0.0,LOW,LOW,2020-01-07 10:00,,"LOW RISK: Cash reserves (₹10,735) comfortably cover predicted demand (₹4,894) and safety reserve (₹1,468) with ₹4,373 surplus."
303,ATM-403,atm35000302,ÜÇKUYULAR ŞUBE ÖNÜ (ATM-403),Guntur,Mehmet Ali Akman Mahallesi İnönü Caddesi No: 582 / A,16.284693,80.488004,150000.0,32755.0,4852.94,1455.88,6308.82,0.0,26446.18,0.0,LOW,LOW,2020-01-07 10:00,,"LOW RISK: Cash reserves (₹32,755) comfortably cover predicted demand (₹4,853) and safety reserve (₹1,456) with ₹26,446 surplus."
304,ATM-404,atm35000303,ÜÇYOL B.EVLER DÜKKAN (ATM-404),Guntur,İNÖNÜ CAD. SEYYİDEKAMİRAN APT. NO:216/B,16.41867,80.46327,80000.0,12420.0,4784.97,1435.49,6220.46,0.0,6199.54,0.0,LOW,LOW,2020-01-07 10:00,,"LOW RISK: Cash reserves (₹12,420) comfortably cover predicted demand (₹4,785) and safety reserve (₹1,435) with ₹6,200 surplus."
305,ATM-405,atm35000304,ÜÇYOL ŞUBE-1 (ATM-405),Guntur,Şükrü Saracoğlu Caddesi No:á6 Üçyol,16.292205,80.401957,120000.0,5000.0,4671.78,1401.53,6073.31,1073.31,0.0,17.7,MEDIUM,MEDIUM,2020-01-07 10:00,120.0,"MEDIUM RISK: Minor cash deficit of ₹1,073 against projected demand + 30% reserve buffer."
306,ATM-406,atm35000305,ÜÇYOL ŞUBE-2 (ATM-406),Guntur,Şükrü Saracoğlu Caddesi No:á6 Üçyol,16.304053,80.300753,150000.0,28910.0,4850.34,1455.1,6305.44,0.0,22604.56,0.0,LOW,LOW,2020-01-07 10:00,,"LOW RISK: Cash reserves (₹28,910) comfortably cover predicted demand (₹4,850) and safety reserve (₹1,455) with ₹22,605 surplus."
307,ATM-407,atm35000306,ÜÇYOL ŞUBE-3 (ATM-407),Guntur,ŞÜKRÜ SARACOĞLU CADDESİ NO:Á6 ÜÇYOL,16.315031,80.303463,80000.0,5000.0,4746.74,1424.02,6170.76,1170.76,0.0,19.0,MEDIUM,MEDIUM,2020-01-07 10:00,120.0,"MEDIUM RISK: Minor cash deficit of ₹1,171 against projected demand + 30% reserve buffer."
308,ATM-408,atm35000307,A. MEND.HVL. İZBAN METRO (ATM-408),Guntur,A. MENDERES HVL. METRO,16.285344,80.375891,80000.0,31550.0,4735.1,1420.53,6155.63,0.0,25394.37,0.0,LOW,LOW,2020-01-07 10:00,,"LOW RISK: Cash reserves (₹31,550) comfortably cover predicted demand (₹4,735) and safety reserve (₹1,421) with ₹25,394 surplus."
309,ATM-409,atm35000308,GÜMÜLDÜR/MENDERES (ATM-409),Guntur,FEVZİ ÇAKMAK MAH.PANSİYON SOK.NO:60,16.310383,80.423637,120000.0,23480.0,4907.02,1472.11,6379.13,0.0,17100.87,0.0,LOW,LOW,2020-01-07 10:00,,"LOW RISK: Cash reserves (₹23,480) comfortably cover predicted demand (₹4,907) and safety reserve (₹1,472) with ₹17,101 surplus."
310,ATM-410,atm35000309,MENDERES ŞUBE-1 (ATM-410),Guntur,Kemalpaşa Mahallesi Atatürk Caddesi No: 12,16.260053,80.459115,100000.0,18210.0,4692.15,1407.64,6099.79,0.0,12110.21,0.0,LOW,LOW,2020-01-07 10:00,,"LOW RISK: Cash reserves (₹18,210) comfortably cover predicted demand (₹4,692) and safety reserve (₹1,408) with ₹12,110 surplus."
311,ATM-411,atm35000310,MENDERES ŞUBE-2 (ATM-411),Guntur,Kemalpaşa Mahallesi Atatürk Caddesi No: 12,16.240089,80.405985,100000.0,27090.0,4767.1,1430.13,6197.23,0.0,20892.77,0.0,LOW,LOW,2020-01-07 10:00,,"LOW RISK: Cash reserves (₹27,090) comfortably cover predicted demand (₹4,767) and safety reserve (₹1,430) with ₹20,893 surplus."
312,ATM-412,atm35000311,ÖZDERE ÇUKURALTI (ATM-412),Guntur,KASIMPAŞA MAHALLESİ OKUL SK. NO:1,16.331488,80.450481,150000.0,18605.0,4884.24,1465.27,6349.51,0.0,12255.49,0.0,LOW,LOW,2020-01-07 10:00,,"LOW RISK: Cash reserves (₹18,605) comfortably cover predicted demand (₹4,884) and safety reserve (₹1,465) with ₹12,255 surplus."
313,ATM-413,atm35000312,ERNİŞ PETROL (ATM-413),Guntur,MENEMEN ERNİŞ PETROL ÖNÜ,16.31152,80.523557,200000.0,38475.0,4769.69,1430.91,6200.6,0.0,32274.4,0.0,LOW,LOW,2020-01-07 10:00,,"LOW RISK: Cash reserves (₹38,475) comfortably cover predicted demand (₹4,770) and safety reserve (₹1,431) with ₹32,274 surplus."
314,ATM-414,atm35000313,KARABURUN/İZMİR (ATM-414),Guntur,KASIMPAŞA MAHALLESİ ALTUĞ KARABURUN NO:2,16.282566,80.442763,120000.0,20940.0,4864.36,1459.31,6323.67,0.0,14616.33,0.0,LOW,LOW,2020-01-07 10:00,,"LOW RISK: Cash reserves (₹20,940) comfortably cover predicted demand (₹4,864) and safety reserve (₹1,459) with ₹14,616 surplus."
315,ATM-415,atm35000314,KASABA AVM MENEMEN (ATM-415),Guntur,YILDIRIM MAHALLESİ ÇANAKKALE ASFALTI-TÜRKELLİ CD. NO:32,16.274796,80.378779,150000.0,13010.0,5805.07,1741.52,7546.59,0.0,5463.41,0.0,LOW,LOW,2020-01-07 10:00,,"LOW RISK: Cash reserves (₹13,010) comfortably cover predicted demand (₹5,805) and safety reserve (₹1,742) with ₹5,463 surplus."
316,ATM-416,atm35000315,MENEMEN ESATPAŞA MAH. (ATM-416),Guntur,ESATPAŞA MAH.1211. SOKAK NO:3 KÖYİÇİ,16.254669,80.325644,100000.0,21535.0,4801.25,1440.38,6241.62,0.0,15293.38,0.0,LOW,LOW,2020-01-07 10:00,,"LOW RISK: Cash reserves (₹21,535) comfortably cover predicted demand (₹4,801) and safety reserve (₹1,440) with ₹15,293 surplus."
317,ATM-417,atm35000316,MENEMEN KASIMPAŞA MAH. (ATM-417),Guntur,KASIMPAŞA MAHALLESİ ALTUĞ KARABURUN CD. 7 C,16.322067,80.430763,200000.0,5000.0,4867.56,1460.27,6327.83,1327.83,0.0,21.0,MEDIUM,MEDIUM,2020-01-07 10:00,120.0,"MEDIUM RISK: Minor cash deficit of ₹1,328 against projected demand + 30% reserve buffer."
318,ATM-418,atm35000317,MENEMEN NOVADA AVM (ATM-418),Guntur,YILDIRIM MAHALLESİ ÇANAKKALE ASFALTI-TÜRKELLİ CD. NO:46,16.34958,80.425634,120000.0,15725.0,5829.87,1748.96,7578.83,0.0,8146.17,0.0,LOW,LOW,2020-01-07 10:00,,"LOW RISK: Cash reserves (₹15,725) comfortably cover predicted demand (₹5,830) and safety reserve (₹1,749) with ₹8,146 surplus."
319,ATM-419,atm35000318,MENEMEN ŞUBE-1 (ATM-419),Guntur,Mermerli Mahallesi Şehit Aycan Aksoy No: 22 / A,16.286245,80.499235,150000.0,6475.0,4744.7,1423.41,6168.11,0.0,306.89,0.0,LOW,LOW,2020-01-07 10:00,,"LOW RISK: Cash reserves (₹6,475) comfortably cover predicted demand (₹4,745) and safety reserve (₹1,423) with ₹307 surplus."
320,ATM-420,atm35000319,MENEMEN ŞUBE-2 (ATM-420),Guntur,Mermerli Mahallesi Şehit Aycan Aksoy No: 22 / A,16.394894,80.509319,150000.0,45745.0,4708.15,1412.44,6120.59,0.0,39624.4,0.0,LOW,LOW,2020-01-07 10:00,,"LOW RISK: Cash reserves (₹45,745) comfortably cover predicted demand (₹4,708) and safety reserve (₹1,412) with ₹39,624 surplus."
321,ATM-421,atm35000320,MİGROS MM ULUKENT (ATM-421),Guntur,30 AĞUSTOS MAHALLESİ 7118. SK.,16.237342,80.399786,120000.0,5000.0,4810.25,1443.08,6253.32,1253.32,0.0,20.0,MEDIUM,MEDIUM,2020-01-07 10:00,120.0,"MEDIUM RISK: Minor cash deficit of ₹1,253 against projected demand + 30% reserve buffer."
322,ATM-422,atm35000321,ULUKENT PAZARYERİ (ATM-422),Guntur,7124 SOK.ULUKENT PAZARYERİ,16.311479,80.427448,150000.0,12285.0,4786.75,1436.02,6222.77,0.0,6062.23,0.0,LOW,LOW,2020-01-07 10:00,,"LOW RISK: Cash reserves (₹12,285) comfortably cover predicted demand (₹4,787) and safety reserve (₹1,436) with ₹6,062 surplus."
323,ATM-423,atm35000322,9 EYLÜL ÜNV.KARŞISI (ATM-423),Guntur,9 EYLÜL ÜNV.KARŞISI NARLIDERE,16.26909,80.41927,80000.0,29075.0,4800.56,1440.17,6240.73,0.0,22834.27,0.0,LOW,LOW,2020-01-07 10:00,,"LOW RISK: Cash reserves (₹29,075) comfortably cover predicted demand (₹4,801) and safety reserve (₹1,440) with ₹22,834 surplus."
324,ATM-424,atm35000323,GÜN.DEN.S.NARLIDERE S.TES (ATM-424),Guntur,GÜNEY DENİZ SAHA NARLIDERE SOSYAL TESİSLERİ,16.303073,80.311946,120000.0,14705.0,4781.53,1434.46,6215.99,0.0,8489.01,0.0,LOW,LOW,2020-01-07 10:00,,"LOW RISK: Cash reserves (₹14,705) comfortably cover predicted demand (₹4,782) and safety reserve (₹1,434) with ₹8,489 surplus."
325,ATM-425,atm35000324,NARLIDERE MİGROS (ATM-425),Guntur,GÜNGÖREN CADDESİ NO:95,16.319527,80.542931,120000.0,22105.0,4732.82,1419.85,6152.67,0.0,15952.33,0.0,LOW,LOW,2020-01-07 10:00,,"LOW RISK: Cash reserves (₹22,105) comfortably cover predicted demand (₹4,733) and safety reserve (₹1,420) with ₹15,952 surplus."
326,ATM-426,atm35000325,NARLIDERE MİTHATPAŞA CAD. (ATM-426),Guntur,ÇATALKAYA MAH.MİTHATPAŞA CAD.NO:373/A,16.319277,80.469678,120000.0,30970.0,4797.54,1439.26,6236.8,0.0,24733.2,0.0,LOW,LOW,2020-01-07 10:00,,"LOW RISK: Cash reserves (₹30,970) comfortably cover predicted demand (₹4,798) and safety reserve (₹1,439) with ₹24,733 surplus."
327,ATM-427,atm35000326,NARLIDERE ŞUBE-1 (ATM-427),Guntur,Yenikale Mahallesi Mithatpaşa Caddesi No: 152 B,16.290196,80.343407,100000.0,13930.0,4730.91,1419.27,6150.18,0.0,7779.82,0.0,LOW,LOW,2020-01-07 10:00,,"LOW RISK: Cash reserves (₹13,930) comfortably cover predicted demand (₹4,731) and safety reserve (₹1,419) with ₹7,780 surplus."
328,ATM-428,atm35000327,NARLIDERE ŞUBE-2 (ATM-428),Guntur,Yenikale Mahallesi Mithatpaşa Caddesi No: 152 B,16.376312,80.386138,80000.0,45020.0,4936.86,1481.06,6417.92,0.0,38602.08,0.0,LOW,LOW,2020-01-07 10:00,,"LOW RISK: Cash reserves (₹45,020) comfortably cover predicted demand (₹4,937) and safety reserve (₹1,481) with ₹38,602 surplus."
329,ATM-429,atm35000328,ÖDEMİŞ 3 EYLÜL PARKI (ATM-429),Guntur,HÜRRİYET CD.TAYYARE PARK,16.264461,80.453662,200000.0,30590.0,4815.0,1444.5,6259.5,0.0,24330.5,0.0,LOW,LOW,2020-01-07 10:00,,"LOW RISK: Cash reserves (₹30,590) comfortably cover predicted demand (₹4,815) and safety reserve (₹1,444) with ₹24,330 surplus."
330,ATM-430,atm35000329,ÖDEMİŞ MEYDAN (ATM-430),Guntur,ÖDEMİŞ MEYDANI,16.342121,80.476506,120000.0,14760.0,4804.17,1441.25,6245.42,0.0,8514.58,0.0,LOW,LOW,2020-01-07 10:00,,"LOW RISK: Cash reserves (₹14,760) comfortably cover predicted demand (₹4,804) and safety reserve (₹1,441) with ₹8,515 surplus."
331,ATM-431,atm35000330,ÖDEMİŞ ŞUBE (ATM-431),Guntur,Akıncılar Mahallesi Gazi Caddesi No: 36 / A,16.265711,80.461575,100000.0,5000.0,4820.58,1446.17,6266.75,1266.75,0.0,20.2,MEDIUM,MEDIUM,2020-01-07 10:00,120.0,"MEDIUM RISK: Minor cash deficit of ₹1,267 against projected demand + 30% reserve buffer."
332,ATM-432,atm35000331,SEFERİHİSAR MİGROS (ATM-432),Guntur,SEFERİHİSAR İLÇE MERKEZİ,16.283898,80.430494,120000.0,14195.0,4834.16,1450.25,6284.41,0.0,7910.59,0.0,LOW,LOW,2020-01-07 10:00,,"LOW RISK: Cash reserves (₹14,195) comfortably cover predicted demand (₹4,834) and safety reserve (₹1,450) with ₹7,911 surplus."
333,ATM-433,atm35000332,SEFERİHİSAR ŞUBE-1 (ATM-433),Guntur,CAMİKEBİR MAHALLESİ ŞEHİT GENERAL TEMEL CİNGÖZ CADDESİ NO: 2,16.368944,80.397309,100000.0,25765.0,4765.25,1429.58,6194.82,0.0,19570.17,0.0,LOW,LOW,2020-01-07 10:00,,"LOW RISK: Cash reserves (₹25,765) comfortably cover predicted demand (₹4,765) and safety reserve (₹1,430) with ₹19,570 surplus."
334,ATM-434,atm35000333,SEFERİHİSAR ŞUBE-2 (ATM-434),Guntur,CAMİKEBİR MAHALLESİ ŞEHİT GENERAL TEMEL CİNGÖZ CADDESİ NO:2,16.324303,80.40033,150000.0,16000.0,4826.28,1447.88,6274.16,0.0,9725.84,0.0,LOW,LOW,2020-01-07 10:00,,"LOW RISK: Cash reserves (₹16,000) comfortably cover predicted demand (₹4,826) and safety reserve (₹1,448) with ₹9,726 surplus."
335,ATM-435,atm35000334,SEFERİHİSAR ÜRKMEZ (ATM-435),Guntur,ÜRKMEZ MEVKİİ SEFERİHİSAR,16.27127,80.563141,120000.0,7160.0,4842.74,1452.82,6295.56,0.0,864.44,0.0,LOW,LOW,2020-01-07 10:00,,"LOW RISK: Cash reserves (₹7,160) comfortably cover predicted demand (₹4,843) and safety reserve (₹1,453) with ₹864 surplus."
336,ATM-436,atm35000335,SIĞACIK BELEDİYE MEYDANI (ATM-436),Guntur,SIĞACIK BELEDİYE MEYDANI SEFERİHİSAR,16.202332,80.458428,80000.0,22980.0,4829.94,1448.98,6278.92,0.0,16701.08,0.0,LOW,LOW,2020-01-07 10:00,,"LOW RISK: Cash reserves (₹22,980) comfortably cover predicted demand (₹4,830) and safety reserve (₹1,449) with ₹16,701 surplus."
337,ATM-437,atm35000336,SELÇUK ŞUBE-1 (ATM-437),Guntur,İsabey Mahallesi Atatürk Caddesi No:81 / 41,16.330737,80.431149,150000.0,26565.0,4805.01,1441.5,6246.51,0.0,20318.49,0.0,LOW,LOW,2020-01-07 10:00,,"LOW RISK: Cash reserves (₹26,565) comfortably cover predicted demand (₹4,805) and safety reserve (₹1,442) with ₹20,318 surplus."
338,ATM-438,atm35000337,SELÇUK ŞUBE-2 (ATM-438),Guntur,İsabey Mahallesi Atatürk Caddesi No:81 / 41,16.349272,80.312285,120000.0,36475.0,4767.42,1430.23,6197.65,0.0,30277.35,0.0,LOW,LOW,2020-01-07 10:00,,"LOW RISK: Cash reserves (₹36,475) comfortably cover predicted demand (₹4,767) and safety reserve (₹1,430) with ₹30,277 surplus."
339,ATM-439,atm35000338,TİRE CUMHURİYET MEYDANI (ATM-439),Guntur,CUMHURİYET MEYDANI ÖNÜ,16.292229,80.44826,120000.0,50390.0,4842.93,1452.88,6295.81,0.0,44094.19,0.0,LOW,LOW,2020-01-07 10:00,,"LOW RISK: Cash reserves (₹50,390) comfortably cover predicted demand (₹4,843) and safety reserve (₹1,453) with ₹44,094 surplus."
340,ATM-440,atm35000339,TİRE PARK AVM (ATM-440),Guntur,FAİK TOĞLUOĞLU BLV. NO:7 35900,16.236211,80.457945,120000.0,34395.0,5638.3,1691.49,7329.79,0.0,27065.21,0.0,LOW,LOW,2020-01-07 10:00,,"LOW RISK: Cash reserves (₹34,395) comfortably cover predicted demand (₹5,638) and safety reserve (₹1,691) with ₹27,065 surplus."
341,ATM-441,atm35000340,TİRE ŞUBE-1 (ATM-441),Guntur,Yeni Mahallesi Atatürk Caddesi No: 18,16.341575,80.362231,120000.0,21655.0,4787.84,1436.35,6224.19,0.0,15430.81,0.0,LOW,LOW,2020-01-07 10:00,,"LOW RISK: Cash reserves (₹21,655) comfortably cover predicted demand (₹4,788) and safety reserve (₹1,436) with ₹15,431 surplus."
342,ATM-442,atm35000341,TİRE ŞUBE-2 (ATM-442),Guntur,Yeni Mahallesi Atatürk Caddesi No: 18,16.308788,80.457832,80000.0,5000.0,4790.36,1437.11,6227.47,1227.47,0.0,19.7,MEDIUM,MEDIUM,2020-01-07 10:00,120.0,"MEDIUM RISK: Minor cash deficit of ₹1,227 against projected demand + 30% reserve buffer."
343,ATM-443,atm35000342,TİRE TOPLU KONUTLAR (ATM-443),Guntur,YENİ MAHALLESİ İNÖNÜ BLV. NO:1,16.385096,80.406027,120000.0,25415.0,4808.32,1442.5,6250.82,0.0,19164.18,0.0,LOW,LOW,2020-01-07 10:00,,"LOW RISK: Cash reserves (₹25,415) comfortably cover predicted demand (₹4,808) and safety reserve (₹1,442) with ₹19,164 surplus."
344,ATM-444,atm35000343,AYRANCILAR/İZMİR ŞUBE-1 (ATM-444),Guntur,İnönü Mahallesi 130/1 Sokak No: 3 / A Ayrancılar,16.328203,80.559687,80000.0,36830.0,4808.88,1442.66,6251.54,0.0,30578.46,0.0,LOW,LOW,2020-01-07 10:00,,"LOW RISK: Cash reserves (₹36,830) comfortably cover predicted demand (₹4,809) and safety reserve (₹1,443) with ₹30,578 surplus."
345,ATM-445,atm35000344,AYRANCILAR/İZMİR ŞUBE-2 (ATM-445),Guntur,İnönü Mahallesi 130/1 Sokak No: 3 / A Ayrancılar,16.223218,80.456363,120000.0,42090.0,4783.99,1435.2,6219.19,0.0,35870.81,0.0,LOW,LOW,2020-01-07 10:00,,"LOW RISK: Cash reserves (₹42,090) comfortably cover predicted demand (₹4,784) and safety reserve (₹1,435) with ₹35,871 surplus."
346,ATM-446,atm35000345,AYRANCILAR / İZMİR ŞUBE-3 (ATM-446),Guntur,İnönü Mahallesi 130/1 Sokak No: 3 / A Ayrancılar,16.371602,80.497394,80000.0,7940.0,4859.17,1457.75,6316.92,0.0,1623.08,0.0,LOW,LOW,2020-01-07 10:00,,"LOW RISK: Cash reserves (₹7,940) comfortably cover predicted demand (₹4,859) and safety reserve (₹1,458) with ₹1,623 surplus."
347,ATM-447,atm35000346,KİPA TORBALI (ATM-447),Guntur,TORBALI MAHALLESİ KİPA,16.265163,80.558231,150000.0,34900.0,4879.61,1463.88,6343.49,0.0,28556.51,0.0,LOW,LOW,2020-01-07 10:00,,"LOW RISK: Cash reserves (₹34,900) comfortably cover predicted demand (₹4,880) and safety reserve (₹1,464) with ₹28,557 surplus."
348,ATM-448,atm35000347,KİPA TORBALI DEPO (ATM-448),Guntur,TORBALI KİPA DEPO ÖNÜ.,16.308754,80.45884,200000.0,7225.0,4737.84,1421.35,6159.19,0.0,1065.81,0.0,LOW,LOW,2020-01-07 10:00,,"LOW RISK: Cash reserves (₹7,225) comfortably cover predicted demand (₹4,738) and safety reserve (₹1,421) with ₹1,066 surplus."
349,ATM-449,atm35000348,PHİLİP MORİS TORBALI (ATM-449),Guntur,YEDİ EYLÜL MAHALLESİ PHİLSA CD. NO:32,16.283757,80.443666,200000.0,21765.0,4737.6,1421.28,6158.88,0.0,15606.12,0.0,LOW,LOW,2020-01-07 10:00,,"LOW RISK: Cash reserves (₹21,765) comfortably cover predicted demand (₹4,738) and safety reserve (₹1,421) with ₹15,606 surplus."
350,ATM-450,atm35000349,SUN TEKSTİL TORBALI (ATM-450),Guntur,YEDİ EYLÜL MAH.EKOTEN CD.NO:29,16.303838,80.375165,100000.0,27180.0,4798.75,1439.62,6238.38,0.0,20941.62,0.0,LOW,LOW,2020-01-07 10:00,,"LOW RISK: Cash reserves (₹27,180) comfortably cover predicted demand (₹4,799) and safety reserve (₹1,440) with ₹20,942 surplus."
351,ATM-451,atm35000350,TORBALI KAZIM DİRİK CAD. (ATM-451),Guntur,TEPEKÖY MAHALLESİ KAZIM DİRİK CADDESİ NO:16,16.241177,80.33615,150000.0,33665.0,4836.92,1451.08,6288.0,0.0,27377.0,0.0,LOW,LOW,2020-01-07 10:00,,"LOW RISK: Cash reserves (₹33,665) comfortably cover predicted demand (₹4,837) and safety reserve (₹1,451) with ₹27,377 surplus."
352,ATM-452,atm35000351,TORBALI MEYDAN (ATM-452),Guntur,ERTUĞRUL MAH.3002. SK. NO:2,16.383867,80.404112,120000.0,19660.0,4779.06,1433.72,6212.78,0.0,13447.22,0.0,LOW,LOW,2020-01-07 10:00,,"LOW RISK: Cash reserves (₹19,660) comfortably cover predicted demand (₹4,779) and safety reserve (₹1,434) with ₹13,447 surplus."
353,ATM-453,atm35000352,TORBALI SADIK İLERİ BULV. (ATM-453),Guntur,ERTUĞRUL MAHALLESİ SADIK İLERİ BLV. NO:34,16.298975,80.445014,150000.0,5790.0,4856.11,1456.83,6312.94,522.94,0.0,8.3,MEDIUM,MEDIUM,2020-01-07 10:00,120.0,MEDIUM RISK: Minor cash deficit of ₹523 against projected demand + 30% reserve buffer.
354,ATM-454,atm35000353,TORBALI ŞUBE-1 (ATM-454),Guntur,Tepeköy Mahallesi Ağalar Caddesi No: 10 / A,16.312111,80.50095,120000.0,6010.0,4818.88,1445.66,6264.54,254.54,0.0,4.1,MEDIUM,MEDIUM,2020-01-07 10:00,120.0,MEDIUM RISK: Minor cash deficit of ₹255 against projected demand + 30% reserve buffer.
355,ATM-455,atm35000354,TORBALI ŞUBE-2 (ATM-455),Guntur,Tepeköy Mahallesi Ağalar Caddesi No: 10 / A,16.299044,80.417848,200000.0,16665.0,4792.21,1437.66,6229.87,0.0,10435.13,0.0,LOW,LOW,2020-01-07 10:00,,"LOW RISK: Cash reserves (₹16,665) comfortably cover predicted demand (₹4,792) and safety reserve (₹1,438) with ₹10,435 surplus."
356,ATM-456,atm35000355,URLA İSKELE (ATM-456),Guntur,URLA İSKELE,16.23397,80.339026,80000.0,7925.0,4783.19,1434.96,6218.15,0.0,1706.85,0.0,LOW,LOW,2020-01-07 10:00,,"LOW RISK: Cash reserves (₹7,925) comfortably cover predicted demand (₹4,783) and safety reserve (₹1,435) with ₹1,707 surplus."
357,ATM-457,atm35000356,URLA MEYDAN AVM ÖNÜ (ATM-457),Guntur,HACİ İSA MAHALLESİ BARATALI BULVARI NO:40/71 AVM ÖNÜ,16.327506,80.49106,80000.0,25920.0,5263.2,1578.96,6842.16,0.0,19077.84,0.0,LOW,LOW,2020-01-07 10:00,,"LOW RISK: Cash reserves (₹25,920) comfortably cover predicted demand (₹5,263) and safety reserve (₹1,579) with ₹19,078 surplus."
358,ATM-458,atm35000357,URLA ŞUBE-1 (ATM-458),Guntur,Hacı İsa Mahallesi Bülent Baratalı Bulvarı No: 74,16.362584,80.320774,80000.0,30295.0,4800.76,1440.23,6240.99,0.0,24054.01,0.0,LOW,LOW,2020-01-07 10:00,,"LOW RISK: Cash reserves (₹30,295) comfortably cover predicted demand (₹4,801) and safety reserve (₹1,440) with ₹24,054 surplus."
359,ATM-459,atm35000358,URLA ŞUBE-2 (ATM-459),Guntur,Hacı İsa Mahallesi Bülent Baratalı Bulvarı No: 74,16.250702,80.364414,200000.0,11040.0,4796.45,1438.93,6235.39,0.0,4804.61,0.0,LOW,LOW,2020-01-07 10:00,,"LOW RISK: Cash reserves (₹11,040) comfortably cover predicted demand (₹4,796) and safety reserve (₹1,439) with ₹4,805 surplus."
